-- phpMyAdmin SQL Dump
-- version 4.8.3
-- https://www.phpmyadmin.net/
--
-- Host: 127.0.0.1
-- Generation Time: Feb 19, 2019 at 11:30 AM
-- Server version: 10.1.35-MariaDB
-- PHP Version: 7.2.9

SET SQL_MODE = "NO_AUTO_VALUE_ON_ZERO";
SET AUTOCOMMIT = 0;
START TRANSACTION;
SET time_zone = "+00:00";


/*!40101 SET @OLD_CHARACTER_SET_CLIENT=@@CHARACTER_SET_CLIENT */;
/*!40101 SET @OLD_CHARACTER_SET_RESULTS=@@CHARACTER_SET_RESULTS */;
/*!40101 SET @OLD_COLLATION_CONNECTION=@@COLLATION_CONNECTION */;
/*!40101 SET NAMES utf8mb4 */;

--
-- Database: `my_api`
--

-- --------------------------------------------------------

--
-- Table structure for table `migrations`
--

CREATE TABLE `migrations` (
  `id` int(10) UNSIGNED NOT NULL,
  `migration` varchar(191) COLLATE utf8mb4_unicode_ci NOT NULL,
  `batch` int(11) NOT NULL
) ENGINE=InnoDB DEFAULT CHARSET=utf8mb4 COLLATE=utf8mb4_unicode_ci;

--
-- Dumping data for table `migrations`
--

INSERT INTO `migrations` (`id`, `migration`, `batch`) VALUES
(1, '2014_10_12_000000_create_users_table', 1),
(2, '2014_10_12_100000_create_password_resets_table', 1),
(3, '2019_02_19_081711_create_products_table', 1),
(4, '2019_02_19_081802_create_reviews_table', 1);

-- --------------------------------------------------------

--
-- Table structure for table `password_resets`
--

CREATE TABLE `password_resets` (
  `email` varchar(191) COLLATE utf8mb4_unicode_ci NOT NULL,
  `token` varchar(191) COLLATE utf8mb4_unicode_ci NOT NULL,
  `created_at` timestamp NULL DEFAULT NULL
) ENGINE=InnoDB DEFAULT CHARSET=utf8mb4 COLLATE=utf8mb4_unicode_ci;

-- --------------------------------------------------------

--
-- Table structure for table `products`
--

CREATE TABLE `products` (
  `id` int(10) UNSIGNED NOT NULL,
  `name` varchar(191) COLLATE utf8mb4_unicode_ci NOT NULL,
  `detail` text COLLATE utf8mb4_unicode_ci NOT NULL,
  `price` int(11) NOT NULL,
  `stock` int(11) NOT NULL,
  `discount` int(11) NOT NULL,
  `created_at` timestamp NULL DEFAULT NULL,
  `updated_at` timestamp NULL DEFAULT NULL
) ENGINE=InnoDB DEFAULT CHARSET=utf8mb4 COLLATE=utf8mb4_unicode_ci;

--
-- Dumping data for table `products`
--

INSERT INTO `products` (`id`, `name`, `detail`, `price`, `stock`, `discount`, `created_at`, `updated_at`) VALUES
(1, 'sapiente', 'Facere iusto soluta quia animi eum. Cumque voluptas quia rerum officiis eligendi nemo. Dolor vel consequuntur et incidunt dignissimos quo delectus.', 592, 6, 24, '2019-02-19 04:18:33', '2019-02-19 04:18:33'),
(2, 'at', 'Consequatur nisi odio accusantium. Quia voluptatum nobis ut. Consequatur earum eum veniam. Veniam quis nulla fugit et unde. Velit rerum aut eos accusantium ea nihil ut.', 487, 7, 22, '2019-02-19 04:18:33', '2019-02-19 04:18:33'),
(3, 'enim', 'Tempora aut accusamus non voluptatum. Omnis et inventore quia nesciunt inventore. Sit rerum exercitationem ipsam repellendus quam.', 785, 1, 17, '2019-02-19 04:18:33', '2019-02-19 04:18:33'),
(4, 'eius', 'Et ipsam ex repellat earum velit voluptatem animi et. Est architecto asperiores culpa dolores. Et nulla et odit. Illum quisquam sapiente expedita nihil nobis optio alias repellendus.', 677, 6, 27, '2019-02-19 04:18:33', '2019-02-19 04:18:33'),
(5, 'consequatur', 'Repellat fugiat inventore nisi corrupti qui. Rerum ut excepturi eaque dicta tempore ut est exercitationem. Et aut veniam nesciunt eligendi. Velit qui ratione quae praesentium qui ad.', 401, 6, 28, '2019-02-19 04:18:33', '2019-02-19 04:18:33'),
(6, 'tempore', 'Eos quia et amet reiciendis ut laboriosam. Perferendis itaque provident error optio voluptatem suscipit perspiciatis. Sint quos cum et ullam quia esse voluptate. Eius non nulla et autem cum enim adipisci sunt.', 915, 8, 23, '2019-02-19 04:18:34', '2019-02-19 04:18:34'),
(7, 'consequatur', 'Ipsam delectus non ut explicabo magni tempora aut. Dolorem totam quia itaque ipsa velit quas fugit aspernatur. Occaecati voluptate id sapiente quaerat modi.', 334, 4, 7, '2019-02-19 04:18:34', '2019-02-19 04:18:34'),
(8, 'sapiente', 'Saepe fugiat in aut aliquam nemo. Asperiores eligendi quidem consequatur. Dolorum delectus voluptatem et quos ab voluptate.', 746, 0, 24, '2019-02-19 04:18:34', '2019-02-19 04:18:34'),
(9, 'at', 'Fugit perspiciatis beatae qui eaque. Maxime blanditiis sunt molestiae facere voluptate rem. Quis beatae eum eum voluptatem consectetur est ea. Deleniti nisi aut consectetur reprehenderit possimus minus.', 264, 2, 4, '2019-02-19 04:18:34', '2019-02-19 04:18:34'),
(10, 'et', 'Magnam molestiae mollitia reprehenderit et inventore alias suscipit. Asperiores tempora possimus temporibus deserunt magni.', 297, 2, 4, '2019-02-19 04:18:34', '2019-02-19 04:18:34'),
(11, 'molestias', 'Nostrum earum consequatur cum quasi et. Sequi facilis dignissimos magni voluptas doloremque. Rerum accusamus et quas quia porro id quasi. Consequatur suscipit aut nam minima explicabo dolorum. Iste autem non at voluptatem.', 790, 4, 4, '2019-02-19 04:18:34', '2019-02-19 04:18:34'),
(12, 'praesentium', 'Nam numquam nihil doloribus et sit doloribus. Quidem necessitatibus sunt fugit consequuntur blanditiis odit provident. Rerum tempora voluptates error nulla et impedit. Eum ut ea aliquid vel et aliquid.', 122, 2, 19, '2019-02-19 04:18:34', '2019-02-19 04:18:34'),
(13, 'assumenda', 'Dignissimos perspiciatis natus ipsa quos accusamus dignissimos. Maiores sapiente odio quis quia. Fuga dolores et perspiciatis perspiciatis. Veritatis impedit ea sed qui autem.', 165, 6, 25, '2019-02-19 04:18:34', '2019-02-19 04:18:34'),
(14, 'eveniet', 'Sint autem perspiciatis esse dolor et. Nemo qui et ut consequatur occaecati iste.', 310, 6, 16, '2019-02-19 04:18:34', '2019-02-19 04:18:34'),
(15, 'ut', 'Ea tenetur deleniti ut maxime earum. Ad sapiente sequi ipsa deleniti quod qui optio.', 987, 9, 28, '2019-02-19 04:18:34', '2019-02-19 04:18:34'),
(16, 'omnis', 'Enim doloremque ea et ullam minima dolor. Sint totam vel laudantium vel suscipit. Dignissimos quaerat aut in quo id est architecto.', 229, 5, 2, '2019-02-19 04:18:34', '2019-02-19 04:18:34'),
(17, 'magnam', 'Itaque voluptatem tenetur perspiciatis provident rerum. Ut et quis perferendis excepturi at incidunt dicta officiis. Aliquam pariatur voluptatem esse.', 882, 1, 29, '2019-02-19 04:18:34', '2019-02-19 04:18:34'),
(18, 'sapiente', 'Minima temporibus dolorem labore voluptatem nisi. Rem necessitatibus itaque et sint dolores. Deleniti sed porro molestiae quibusdam hic officiis vero eligendi. Odio sit in sit.', 620, 8, 9, '2019-02-19 04:18:34', '2019-02-19 04:18:34'),
(19, 'quaerat', 'Laudantium non vero laboriosam id nostrum quaerat sit. Veritatis autem quia est magnam in ut rerum. Incidunt maiores eveniet facilis dolores exercitationem ipsam illo. Debitis possimus non id praesentium deleniti eius ut.', 712, 5, 22, '2019-02-19 04:18:34', '2019-02-19 04:18:34'),
(20, 'et', 'Sunt odit et vero enim debitis rerum assumenda et. Corporis perspiciatis non sunt odio. Quia ea repudiandae corporis aut nulla.', 405, 6, 15, '2019-02-19 04:18:34', '2019-02-19 04:18:34'),
(21, 'ut', 'Eligendi est ducimus voluptatem id. Aut rerum nulla dolor autem deserunt impedit. In accusamus exercitationem aut qui omnis.', 949, 4, 17, '2019-02-19 04:18:34', '2019-02-19 04:18:34'),
(22, 'id', 'Omnis natus voluptatem tenetur. Ratione qui natus a recusandae voluptatem ut. Aut quis quia amet odio.', 716, 3, 20, '2019-02-19 04:18:34', '2019-02-19 04:18:34'),
(23, 'dolor', 'Et ratione iusto quis eveniet labore eum. Et qui aut nisi ex. Non ut vel vel nihil officia. Ipsa ut facilis necessitatibus suscipit tenetur quo sed.', 664, 8, 4, '2019-02-19 04:18:34', '2019-02-19 04:18:34'),
(24, 'ad', 'Beatae commodi ut nam quod dicta. Et laudantium voluptatem eius dicta natus ea necessitatibus. Ut quia doloremque ullam maxime ut itaque qui. Animi et laborum laboriosam repellendus. Aut aperiam et laborum omnis officia in.', 471, 3, 16, '2019-02-19 04:18:34', '2019-02-19 04:18:34'),
(25, 'iste', 'Qui quis aut culpa fugit dolores eos. Dignissimos non sed illum temporibus.', 221, 6, 13, '2019-02-19 04:18:34', '2019-02-19 04:18:34'),
(26, 'totam', 'Explicabo ut est sit ullam quod blanditiis id. Voluptatum expedita eos officiis nihil. Tempore consectetur ea provident quidem eius expedita qui. Rerum eum mollitia adipisci ducimus.', 595, 1, 15, '2019-02-19 04:18:34', '2019-02-19 04:18:34'),
(27, 'quas', 'Consequuntur nobis quasi sit rerum pariatur qui. Voluptates aspernatur quidem sapiente et nesciunt et doloribus dicta. Fuga reiciendis labore non distinctio sint impedit sit voluptatem. Quisquam id itaque non vitae itaque velit molestiae.', 706, 0, 26, '2019-02-19 04:18:34', '2019-02-19 04:18:34'),
(28, 'perspiciatis', 'Aperiam architecto quis aut vel atque. Sunt suscipit exercitationem et porro sunt sit eligendi.', 820, 9, 20, '2019-02-19 04:18:34', '2019-02-19 04:18:34'),
(29, 'suscipit', 'Facere consequatur voluptas quis rerum illo. Expedita modi ex consequuntur consectetur illum delectus et. Qui rerum voluptas sapiente.', 873, 3, 12, '2019-02-19 04:18:34', '2019-02-19 04:18:34'),
(30, 'quis', 'Et possimus sapiente at magnam labore quam. Ducimus facilis sit hic rerum. Animi qui atque est molestiae libero quam. Assumenda voluptate reiciendis molestiae et. Fuga aut harum pariatur dolores non ipsa qui.', 981, 0, 2, '2019-02-19 04:18:34', '2019-02-19 04:18:34'),
(31, 'praesentium', 'Doloremque laudantium laboriosam impedit minus praesentium. Fuga laudantium ratione sit. Cum illum ratione dolorem quia possimus vel. Velit voluptate recusandae eaque eos maiores.', 198, 0, 5, '2019-02-19 04:18:34', '2019-02-19 04:18:34'),
(32, 'consequatur', 'Totam tempora et voluptas aspernatur ullam. Eligendi est non similique atque. A quod rerum culpa earum. Est doloremque doloremque architecto impedit.', 292, 8, 15, '2019-02-19 04:18:34', '2019-02-19 04:18:34'),
(33, 'quia', 'Hic reprehenderit vel et. Ratione est rerum reprehenderit architecto quidem a sed qui. Et natus quasi voluptas laudantium cum.', 170, 0, 23, '2019-02-19 04:18:34', '2019-02-19 04:18:34'),
(34, 'aspernatur', 'Vel harum sint quae enim quibusdam quo. Aliquid explicabo deserunt voluptate. In provident consequatur eius minus.', 1000, 7, 30, '2019-02-19 04:18:34', '2019-02-19 04:18:34'),
(35, 'sequi', 'Aliquam ut vel quis molestiae eaque autem perspiciatis. Quis ratione tempore et veniam blanditiis. At quasi et odio blanditiis voluptatem voluptatem porro.', 914, 2, 17, '2019-02-19 04:18:34', '2019-02-19 04:18:34'),
(36, 'facilis', 'Error fugiat optio cum nesciunt quas qui. Dolor id alias iste deserunt porro repudiandae et. Nobis iste sint nihil. Sequi rerum nisi et et qui ipsa autem sed. Tenetur quis illo doloribus voluptas provident reprehenderit.', 473, 2, 11, '2019-02-19 04:18:34', '2019-02-19 04:18:34'),
(37, 'aspernatur', 'Aperiam quo autem illum corrupti. Blanditiis qui provident excepturi aut voluptate recusandae. Id itaque doloribus quia qui.', 101, 8, 21, '2019-02-19 04:18:34', '2019-02-19 04:18:34'),
(38, 'nisi', 'Aliquam quia omnis consequatur sit totam sit ad. Velit ut sint autem qui tenetur nemo. Tenetur laborum dignissimos esse. Aut labore possimus voluptatum repellendus consectetur ut unde.', 635, 4, 15, '2019-02-19 04:18:34', '2019-02-19 04:18:34'),
(39, 'voluptas', 'Dolorem ut soluta magni dolorem neque. Repudiandae iure enim repudiandae dolorum quia illo. Et et eius nam deleniti qui non. Temporibus reprehenderit vel quae non sequi. Perspiciatis sunt soluta voluptates est molestiae illo adipisci.', 638, 0, 28, '2019-02-19 04:18:34', '2019-02-19 04:18:34'),
(40, 'nesciunt', 'Animi voluptatem qui nesciunt quam adipisci quia autem. Doloribus expedita alias perferendis temporibus. Repellendus repudiandae sed nulla et distinctio in deleniti.', 676, 7, 10, '2019-02-19 04:18:34', '2019-02-19 04:18:34'),
(41, 'natus', 'Temporibus debitis amet repellendus incidunt autem et. Sunt culpa molestiae culpa autem quo voluptatibus architecto qui. Provident quisquam perspiciatis aut sint omnis consectetur. Voluptas recusandae voluptatem consequatur est nihil.', 750, 2, 29, '2019-02-19 04:18:35', '2019-02-19 04:18:35'),
(42, 'rerum', 'Omnis laudantium nulla dicta repellendus consequatur reprehenderit aliquam. Asperiores accusamus saepe quae vel aut asperiores cum. Nihil et vero veniam ratione voluptatem eligendi eius molestiae. Praesentium sunt reprehenderit voluptatem ea.', 779, 2, 4, '2019-02-19 04:18:35', '2019-02-19 04:18:35'),
(43, 'ut', 'Sit distinctio veritatis quia. Et est dicta aut qui. Deserunt molestiae aliquid aut eaque.', 137, 2, 5, '2019-02-19 04:18:35', '2019-02-19 04:18:35'),
(44, 'autem', 'Enim aut tenetur ab accusamus et quia. Modi eum a numquam eum sint. Et reprehenderit recusandae aut illo beatae repellendus. Enim consequatur ipsum iure facere velit dolore.', 602, 0, 21, '2019-02-19 04:18:35', '2019-02-19 04:18:35'),
(45, 'debitis', 'Tempore maiores consequatur aut harum est ea officiis. Corporis dolorem consequuntur excepturi eius eius qui deserunt sunt. Voluptas enim libero nobis. Maxime similique placeat doloremque distinctio voluptates.', 888, 1, 21, '2019-02-19 04:18:35', '2019-02-19 04:18:35'),
(46, 'quas', 'A impedit atque nemo est fuga consequatur ex. Consequatur quo voluptatem reprehenderit illo ut voluptatem molestias. Suscipit aliquid corrupti voluptate nemo ipsa perspiciatis eum.', 358, 1, 11, '2019-02-19 04:18:35', '2019-02-19 04:18:35'),
(47, 'occaecati', 'Cum consequatur sit vitae omnis quibusdam et. Eum sit cumque odio sapiente eum quia est eum. Ut ut quaerat molestiae voluptas voluptas et molestias velit.', 363, 1, 29, '2019-02-19 04:18:35', '2019-02-19 04:18:35'),
(48, 'neque', 'Deleniti nisi aut eum est aut. Aut veritatis dolorem quaerat voluptatum nostrum quasi. Dolor sed porro dolorem minus reiciendis delectus incidunt.', 711, 3, 26, '2019-02-19 04:18:35', '2019-02-19 04:18:35'),
(49, 'molestias', 'Qui nemo et velit recusandae molestiae. Sit deleniti reprehenderit velit. Eum aut sint tempore magni.', 978, 5, 17, '2019-02-19 04:18:35', '2019-02-19 04:18:35'),
(50, 'ullam', 'Inventore aut commodi deleniti sit exercitationem sit. Temporibus vel enim aperiam qui. Et est odio quia culpa quo perferendis velit.', 854, 3, 21, '2019-02-19 04:18:35', '2019-02-19 04:18:35'),
(51, 'ipsum', 'Dicta vel voluptatem libero nam aut. Culpa molestias deleniti excepturi quisquam sint ex. In quod et molestias eum rerum.', 438, 1, 12, '2019-02-19 04:20:02', '2019-02-19 04:20:02'),
(52, 'deleniti', 'Quisquam accusamus fugiat quia eos dolores ipsa qui. Enim sit iusto impedit omnis eum. Porro ut et ut quis quibusdam.', 454, 4, 25, '2019-02-19 04:20:02', '2019-02-19 04:20:02'),
(53, 'sint', 'Alias aut quia temporibus. Laborum consequatur ut exercitationem aut dolorum adipisci inventore. Ullam accusamus ut et dolores cum aut impedit ut. Laboriosam omnis ut sint.', 266, 8, 28, '2019-02-19 04:20:02', '2019-02-19 04:20:02'),
(54, 'accusamus', 'Autem voluptatem repudiandae blanditiis non harum voluptas molestiae. Nulla doloremque vel fuga repellendus quam voluptatem necessitatibus. Qui asperiores sed eligendi impedit aut.', 425, 8, 10, '2019-02-19 04:20:02', '2019-02-19 04:20:02'),
(55, 'qui', 'Expedita a debitis error aut sed dolorem. Porro eos architecto quis rerum aut eum. Impedit tempore qui itaque officia voluptatem. Harum ut aut nostrum saepe vel vero et deserunt.', 186, 5, 6, '2019-02-19 04:20:02', '2019-02-19 04:20:02'),
(56, 'in', 'Voluptate molestiae ipsum qui velit ad. Totam quaerat ex consequatur excepturi harum praesentium repudiandae.', 461, 4, 25, '2019-02-19 04:20:02', '2019-02-19 04:20:02'),
(57, 'aspernatur', 'Id consequatur sed ea adipisci et commodi. Quia asperiores corrupti ut aut. Magni doloribus tenetur sed corrupti. Alias sunt veritatis eligendi voluptatem non. Reiciendis assumenda et qui delectus laborum voluptatem.', 811, 8, 23, '2019-02-19 04:20:02', '2019-02-19 04:20:02'),
(58, 'sunt', 'Dolor vitae architecto blanditiis commodi sed praesentium qui. Eaque numquam doloremque voluptatibus qui nam. Quisquam earum error vitae et aliquid nihil.', 240, 3, 24, '2019-02-19 04:20:03', '2019-02-19 04:20:03'),
(59, 'quis', 'Soluta doloribus id et repellat. Sit et voluptatem maiores quia. Sed eos ipsam officia harum.', 476, 9, 9, '2019-02-19 04:20:03', '2019-02-19 04:20:03'),
(60, 'illo', 'Magni consequatur et est provident commodi dolor ab. Adipisci sapiente exercitationem ut quibusdam repudiandae necessitatibus vitae. Et sit temporibus repellat sint accusantium corporis a. Aperiam nostrum magni voluptatum non.', 302, 8, 23, '2019-02-19 04:20:03', '2019-02-19 04:20:03'),
(61, 'ipsam', 'Quae et voluptas accusamus nulla eos autem suscipit eius. Explicabo dicta ratione rerum neque. Hic sed velit sit quod.', 576, 1, 30, '2019-02-19 04:20:03', '2019-02-19 04:20:03'),
(62, 'modi', 'Aliquam possimus et et velit. Sit et eius iusto quam enim voluptas quisquam magni. Consectetur optio deleniti quam fuga ipsam quidem.', 836, 0, 5, '2019-02-19 04:20:03', '2019-02-19 04:20:03'),
(63, 'molestias', 'Dolor voluptas dolores laboriosam veritatis impedit quisquam. Ratione doloremque rerum ducimus dolores consequatur rerum. Et modi enim beatae soluta rerum doloremque modi excepturi. Nostrum assumenda dolores iure.', 962, 3, 27, '2019-02-19 04:20:03', '2019-02-19 04:20:03'),
(64, 'autem', 'Repudiandae reprehenderit distinctio qui culpa et dolorum corporis. Tempore soluta non sit autem odit laborum. Velit reprehenderit dolore voluptatem. Deleniti repellendus quo alias labore vero.', 122, 4, 25, '2019-02-19 04:20:03', '2019-02-19 04:20:03'),
(65, 'unde', 'Tenetur perferendis est veritatis non sunt in tenetur voluptas. Hic quos quam ut ea commodi. Labore totam voluptatem totam aut possimus et incidunt.', 271, 4, 24, '2019-02-19 04:20:03', '2019-02-19 04:20:03'),
(66, 'fugiat', 'Et nisi ut iusto natus. Quam aspernatur voluptate ut magni excepturi veniam et. Odio id et debitis error labore et labore. Quam nihil ut laboriosam vel tenetur.', 801, 3, 14, '2019-02-19 04:20:03', '2019-02-19 04:20:03'),
(67, 'in', 'Quo ab aliquam deserunt facere sit vel impedit. Enim eos vel placeat sed at. Eius similique exercitationem accusamus voluptates voluptatem dicta rerum vel. Est totam quam quod rerum recusandae.', 718, 2, 3, '2019-02-19 04:20:03', '2019-02-19 04:20:03'),
(68, 'nemo', 'Rerum quis aut omnis ipsum dolor id asperiores ut. Rerum commodi quaerat nisi. Ut ut consequatur ipsa quisquam.', 521, 5, 30, '2019-02-19 04:20:03', '2019-02-19 04:20:03'),
(69, 'laborum', 'Autem sequi unde et quisquam rerum officiis. Dolor omnis vel labore. Ut enim repudiandae culpa aut. Qui laudantium id et et error aliquid deserunt.', 333, 5, 10, '2019-02-19 04:20:03', '2019-02-19 04:20:03'),
(70, 'nesciunt', 'Cumque blanditiis quia quidem consectetur eveniet officiis et. Quia ex ut ab facere doloribus. Suscipit doloremque sunt molestiae laboriosam ut sint fugiat. Quo dolores fuga quod odio est eos.', 260, 0, 15, '2019-02-19 04:20:03', '2019-02-19 04:20:03'),
(71, 'qui', 'Molestiae et explicabo eos voluptas sed enim in. Dolores autem odit aut quae expedita laudantium. Ut ex hic et cupiditate occaecati voluptas qui est. Autem nostrum excepturi sit.', 971, 8, 19, '2019-02-19 04:20:03', '2019-02-19 04:20:03'),
(72, 'molestias', 'Voluptas ex dolor fugit illo quia et occaecati. Itaque quisquam quam consequatur molestiae praesentium beatae et. Nulla natus occaecati aut doloribus eaque. Officiis consectetur aut assumenda dolor nulla optio magni et.', 603, 7, 13, '2019-02-19 04:20:03', '2019-02-19 04:20:03'),
(73, 'accusamus', 'Qui et dolor est ut. Et inventore sint laborum aliquid placeat. Aut quae quo officiis qui labore. Aliquid est et debitis consequuntur.', 351, 8, 16, '2019-02-19 04:20:03', '2019-02-19 04:20:03'),
(74, 'quas', 'Occaecati aspernatur sit eos modi. Soluta harum enim suscipit. Voluptas saepe sit earum accusantium atque. Et enim ut sed et a.', 531, 7, 20, '2019-02-19 04:20:03', '2019-02-19 04:20:03'),
(75, 'et', 'Qui ea porro sapiente perspiciatis et occaecati debitis. Beatae quia sed consectetur eos et.', 672, 8, 18, '2019-02-19 04:20:03', '2019-02-19 04:20:03'),
(76, 'velit', 'Assumenda adipisci fugiat hic dolores et cumque. Neque eius quia ipsam ut. Dignissimos illo molestiae dolor dolorum est veritatis dolores. Totam qui tempore ut aut.', 946, 5, 28, '2019-02-19 04:20:03', '2019-02-19 04:20:03'),
(77, 'delectus', 'Facere id sit beatae illo. Iste fugiat iusto enim ullam odio veniam. Optio sequi quam et. Doloremque maiores qui aut neque nisi explicabo.', 705, 2, 24, '2019-02-19 04:20:03', '2019-02-19 04:20:03'),
(78, 'nemo', 'Qui natus temporibus et dolores dolore provident. Et et illum vel. Est sit ut ipsam est. Aliquid commodi sint animi est. Et quo ea mollitia possimus nam.', 577, 6, 23, '2019-02-19 04:20:03', '2019-02-19 04:20:03'),
(79, 'id', 'Eum vel magni corrupti nemo voluptatem. Soluta eaque distinctio non consequatur. Nostrum voluptatem omnis sequi quas voluptas ipsam quia. Consequuntur et non numquam ex eaque perferendis. Similique vel quam nisi atque repellat qui.', 593, 1, 17, '2019-02-19 04:20:03', '2019-02-19 04:20:03'),
(80, 'enim', 'Quisquam dolorem maxime qui saepe nam explicabo consequatur. Repellendus cumque omnis eveniet similique quia nesciunt. Eum debitis est vitae omnis aliquid tempore assumenda. Tenetur tenetur laboriosam porro quasi.', 613, 0, 16, '2019-02-19 04:20:03', '2019-02-19 04:20:03'),
(81, 'unde', 'Adipisci non deleniti aliquid fugit doloremque impedit autem. Ratione qui doloribus consequatur. Minus et rerum dolor quaerat cumque dolore. Eum nobis soluta provident.', 191, 6, 24, '2019-02-19 04:20:03', '2019-02-19 04:20:03'),
(82, 'consequatur', 'Corrupti similique qui qui recusandae omnis. Sapiente dolores vitae accusantium. Maiores consectetur placeat nam voluptatibus.', 114, 8, 23, '2019-02-19 04:20:03', '2019-02-19 04:20:03'),
(83, 'iure', 'Aut corporis quaerat laudantium adipisci ab at sit ab. Harum ex impedit neque autem. Necessitatibus est et earum delectus.', 372, 7, 4, '2019-02-19 04:20:03', '2019-02-19 04:20:03'),
(84, 'nihil', 'Enim aperiam aliquid rem magnam natus odio. Aut tenetur non quo cumque. Sunt modi perspiciatis commodi occaecati voluptas quae mollitia. Repudiandae voluptatem praesentium veritatis fuga.', 725, 7, 20, '2019-02-19 04:20:03', '2019-02-19 04:20:03'),
(85, 'nam', 'Veniam dolor dolorem temporibus labore temporibus ut tempora. Aliquid vel et ea quo. Magnam voluptatem in magni molestiae nemo.', 863, 0, 13, '2019-02-19 04:20:03', '2019-02-19 04:20:03'),
(86, 'facilis', 'Nemo doloremque quia hic ut nostrum qui voluptates qui. Eaque quis temporibus eaque aut illum laudantium aut. Ea qui aut temporibus beatae.', 139, 8, 23, '2019-02-19 04:20:03', '2019-02-19 04:20:03'),
(87, 'repellendus', 'A quia cumque exercitationem quia distinctio. Iure adipisci incidunt nam sit natus totam. Et laboriosam est sit aut. Sequi est non molestiae repudiandae nesciunt qui non.', 339, 5, 26, '2019-02-19 04:20:03', '2019-02-19 04:20:03'),
(88, 'rerum', 'Vero vel in quam molestias non. Occaecati velit quae ea ut quibusdam deserunt quasi quae.', 851, 4, 19, '2019-02-19 04:20:04', '2019-02-19 04:20:04'),
(89, 'exercitationem', 'Vel illo officiis rerum minima quae expedita iste. Assumenda aspernatur ullam accusantium consequatur eum dignissimos qui. Quibusdam veritatis doloremque velit sunt voluptatibus similique. Non accusantium repudiandae id.', 411, 6, 3, '2019-02-19 04:20:04', '2019-02-19 04:20:04'),
(90, 'et', 'Accusantium fugiat qui corporis temporibus pariatur voluptatibus tempore. Autem velit ea dolores neque est. Fugiat aliquid quia qui sint aspernatur hic illum. Vero omnis sit est natus dolores et incidunt. Voluptates odio in quidem at quos expedita.', 517, 9, 24, '2019-02-19 04:20:04', '2019-02-19 04:20:04'),
(91, 'ut', 'Voluptatem velit numquam libero dolorem id. Sed nemo eum nobis expedita tempore. Qui quis tenetur corporis facilis voluptates.', 493, 0, 2, '2019-02-19 04:20:04', '2019-02-19 04:20:04'),
(92, 'quia', 'Ducimus perspiciatis delectus suscipit assumenda. Beatae eos a non nesciunt.', 552, 3, 9, '2019-02-19 04:20:04', '2019-02-19 04:20:04'),
(93, 'nisi', 'Quia nulla velit aspernatur iure. Vero aperiam non quo dolores enim. Omnis rerum vel corrupti error.', 911, 0, 21, '2019-02-19 04:20:04', '2019-02-19 04:20:04'),
(94, 'nobis', 'Quia dolorem hic consequatur modi fugit id molestiae. Repudiandae at maxime ducimus doloribus et quidem libero cupiditate. Qui incidunt blanditiis qui animi. Eius amet nesciunt error.', 256, 9, 29, '2019-02-19 04:20:04', '2019-02-19 04:20:04'),
(95, 'facilis', 'Voluptatem consequatur explicabo hic est et. Sapiente blanditiis velit error repellendus repellendus incidunt. Voluptatum magni esse culpa vitae vitae adipisci. Eius consequatur atque beatae consequatur et et neque non.', 951, 1, 2, '2019-02-19 04:20:04', '2019-02-19 04:20:04'),
(96, 'autem', 'Veritatis et repellendus dolores. Quam tempore iste aut aut vel qui.', 240, 1, 10, '2019-02-19 04:20:04', '2019-02-19 04:20:04'),
(97, 'illum', 'Consequuntur quod aut quia minus quod odit. Consequuntur officiis amet nam laborum et. Ducimus saepe voluptatem ut aperiam quia.', 816, 4, 20, '2019-02-19 04:20:04', '2019-02-19 04:20:04'),
(98, 'animi', 'Voluptatem quod dolores quia inventore. Deleniti asperiores aut enim unde repellendus. Sunt deserunt suscipit tenetur earum rem.', 291, 6, 6, '2019-02-19 04:20:04', '2019-02-19 04:20:04'),
(99, 'nulla', 'Commodi voluptatem voluptatem officiis a nihil ut magnam. Accusamus qui consequatur fugit quia voluptatem officiis. Quia sint sapiente repudiandae nobis repellendus et.', 208, 1, 23, '2019-02-19 04:20:04', '2019-02-19 04:20:04'),
(100, 'voluptates', 'Accusantium dolores minus harum vel perspiciatis nemo. Iure reiciendis amet non tempora. Ipsum et vero laborum omnis sit. In quibusdam sunt dolore architecto ut eius.', 920, 8, 7, '2019-02-19 04:20:04', '2019-02-19 04:20:04'),
(101, 'aut', 'Dolorem cumque incidunt et quaerat molestiae. Illo architecto alias sint quo quod reprehenderit dolor earum. Repellendus dolore non facilis rerum ut incidunt velit.', 336, 7, 15, '2019-02-19 04:56:16', '2019-02-19 04:56:16'),
(102, 'nostrum', 'Hic atque a iusto magni sequi totam accusantium. Dolore suscipit omnis ratione beatae tenetur voluptas porro. Quia natus voluptas at omnis corporis.', 818, 8, 10, '2019-02-19 04:56:16', '2019-02-19 04:56:16'),
(103, 'velit', 'Enim culpa ut cumque asperiores ad debitis quia. Consequuntur non vero necessitatibus id. Doloribus nostrum laboriosam placeat sunt qui dolor perspiciatis.', 671, 6, 11, '2019-02-19 04:56:16', '2019-02-19 04:56:16'),
(104, 'aliquam', 'Corrupti in ea facilis exercitationem non. Molestiae ad occaecati sed maiores aspernatur itaque ut sint. Officiis perspiciatis atque ex et eligendi temporibus qui.', 607, 0, 7, '2019-02-19 04:56:16', '2019-02-19 04:56:16'),
(105, 'qui', 'Qui deleniti sit qui odit perspiciatis consequatur iusto. Tempore dolorum nemo explicabo quia consequatur. Tempore veniam autem quasi tempora voluptatem at ut. Inventore tenetur deleniti cumque molestias possimus sit. Sequi omnis dolorem et deserunt facere expedita.', 501, 4, 28, '2019-02-19 04:56:16', '2019-02-19 04:56:16'),
(106, 'cumque', 'Unde velit repellat aut sint optio enim. Enim quis et exercitationem. Consequatur modi eveniet sequi voluptatibus.', 106, 8, 10, '2019-02-19 04:56:16', '2019-02-19 04:56:16'),
(107, 'dignissimos', 'Facere nostrum quaerat perferendis eum rerum. Et eum voluptatem excepturi quasi delectus voluptatum nihil aspernatur. Ipsa nihil praesentium voluptatem rerum ut explicabo et.', 246, 2, 12, '2019-02-19 04:56:16', '2019-02-19 04:56:16'),
(108, 'nihil', 'Non omnis accusamus veniam distinctio expedita vero eveniet. Voluptatibus qui in alias qui a ut. Debitis ea dolorem blanditiis adipisci porro rem est.', 433, 9, 7, '2019-02-19 04:56:16', '2019-02-19 04:56:16'),
(109, 'explicabo', 'Sapiente id qui corporis optio quaerat. Quos assumenda dolores qui voluptatem. Natus rem sit neque odit sapiente ad. Et voluptatem voluptas sunt sunt.', 388, 3, 16, '2019-02-19 04:56:16', '2019-02-19 04:56:16'),
(110, 'optio', 'Dolores ea explicabo excepturi et illum maxime est qui. Alias officia aut ex ipsam sit. Repudiandae sit corporis earum a iure iure minima.', 447, 6, 16, '2019-02-19 04:56:16', '2019-02-19 04:56:16'),
(111, 'qui', 'Corrupti aliquam velit est laudantium. Itaque hic earum corrupti consectetur quod.', 729, 1, 2, '2019-02-19 04:56:16', '2019-02-19 04:56:16'),
(112, 'ut', 'Libero sint repudiandae voluptas aliquam. Modi est sed qui quaerat et. Quam molestiae qui qui praesentium commodi rerum. Dolores nulla laborum quae deleniti ex.', 818, 4, 16, '2019-02-19 04:56:16', '2019-02-19 04:56:16'),
(113, 'quia', 'Repellat veritatis debitis minima dolore et quia eius est. Libero distinctio sapiente nemo repellat repudiandae rerum assumenda. Adipisci dolor earum saepe minima praesentium voluptatum.', 359, 3, 12, '2019-02-19 04:56:16', '2019-02-19 04:56:16'),
(114, 'et', 'Et qui rerum vitae dolor. Aperiam nulla sunt aperiam corporis fuga eveniet repellendus aspernatur. Sequi ut ut nihil quia unde fugiat minus. Mollitia ut ut expedita.', 837, 7, 24, '2019-02-19 04:56:16', '2019-02-19 04:56:16'),
(115, 'unde', 'Molestiae aut est a. Ut ut ex consequatur in. Modi dolores blanditiis voluptatem accusamus et. Ipsam non aut unde minus.', 908, 9, 7, '2019-02-19 04:56:16', '2019-02-19 04:56:16'),
(116, 'et', 'Quidem sapiente porro tempore neque corporis ut voluptatem. Sed veniam ad omnis velit. Aut eum et sint voluptates laudantium.', 405, 7, 8, '2019-02-19 04:56:16', '2019-02-19 04:56:16'),
(117, 'eos', 'Quis fugiat expedita in quia in eaque ea. Quia est dolorum dolor facilis repellendus voluptatem officia rerum. Cum qui laboriosam dolorem adipisci quisquam recusandae sunt unde.', 459, 6, 9, '2019-02-19 04:56:16', '2019-02-19 04:56:16'),
(118, 'laboriosam', 'Dolores quidem corporis eos suscipit sint fuga assumenda eaque. Nam sint est voluptas sit itaque. Non nulla aspernatur minima et quo distinctio et quia.', 483, 4, 18, '2019-02-19 04:56:16', '2019-02-19 04:56:16'),
(119, 'vel', 'Earum omnis vel quasi autem dolorum ea. Natus vel veniam animi voluptas harum minima consectetur natus. Ut maiores hic fugiat consectetur.', 884, 4, 17, '2019-02-19 04:56:16', '2019-02-19 04:56:16'),
(120, 'fugit', 'Quae quo exercitationem ut quas beatae et. Aut explicabo corrupti sint eum adipisci id. Ducimus ducimus quia est eius nihil ut.', 605, 9, 7, '2019-02-19 04:56:16', '2019-02-19 04:56:16'),
(121, 'occaecati', 'Esse voluptatem enim voluptas aut. Suscipit omnis soluta quae fugiat. Alias quibusdam eum occaecati qui sequi facilis nesciunt quidem.', 361, 2, 12, '2019-02-19 04:56:17', '2019-02-19 04:56:17'),
(122, 'odit', 'Rerum iure quos nam corrupti harum sed. Nostrum voluptatem distinctio corrupti voluptatem. Quaerat ad similique consequatur aut ipsum est. Et ea animi voluptate qui.', 316, 3, 7, '2019-02-19 04:56:17', '2019-02-19 04:56:17'),
(123, 'assumenda', 'Vel sunt eius suscipit non enim. Ex alias aut ex assumenda libero reiciendis corrupti consequatur.', 931, 9, 24, '2019-02-19 04:56:17', '2019-02-19 04:56:17'),
(124, 'id', 'Molestias similique minus nulla non inventore omnis. Minus et consequatur ad dolores. Dolor deserunt explicabo tempora rerum quo.', 835, 0, 10, '2019-02-19 04:56:17', '2019-02-19 04:56:17'),
(125, 'quos', 'Rerum ut qui beatae eius qui. Officia nihil architecto esse officia accusantium praesentium. Ea omnis pariatur quis repudiandae vitae odio vitae.', 972, 0, 22, '2019-02-19 04:56:17', '2019-02-19 04:56:17'),
(126, 'distinctio', 'Repellat autem voluptas ad. Accusantium beatae culpa aut quidem nesciunt mollitia consequatur. Magni sit cupiditate minus voluptatibus unde rerum. Dicta aliquid repellat et ex distinctio repellendus magni quis.', 117, 6, 11, '2019-02-19 04:56:17', '2019-02-19 04:56:17'),
(127, 'aut', 'Sit vel consequuntur soluta consequatur. Quia ad et dicta in. Vero distinctio sit exercitationem.', 493, 4, 20, '2019-02-19 04:56:17', '2019-02-19 04:56:17'),
(128, 'libero', 'Vero aut dolorem expedita omnis non molestiae reprehenderit quam. A consequuntur illum qui doloremque. Ut fugiat rerum laudantium ut quisquam placeat. Quaerat ipsa est itaque voluptatem id.', 534, 1, 13, '2019-02-19 04:56:17', '2019-02-19 04:56:17'),
(129, 'libero', 'Doloribus quidem ipsam quia nihil nihil. Eum omnis quas rerum voluptatem et in voluptas. Doloribus voluptatibus quasi cupiditate excepturi quisquam eum nam voluptatibus. At reprehenderit omnis debitis nam eveniet atque omnis.', 291, 5, 10, '2019-02-19 04:56:17', '2019-02-19 04:56:17'),
(130, 'et', 'Soluta qui et at fugit eum dolores. Consequuntur assumenda voluptatem quasi mollitia. Incidunt qui quidem culpa quia possimus labore. Tenetur sint ea facilis sunt omnis.', 385, 0, 14, '2019-02-19 04:56:17', '2019-02-19 04:56:17'),
(131, 'et', 'Voluptatum placeat nulla repudiandae. Est nam at ducimus architecto.', 303, 8, 7, '2019-02-19 04:56:17', '2019-02-19 04:56:17'),
(132, 'est', 'Occaecati eius id quis. Praesentium numquam aut deserunt dolores nostrum. Veniam explicabo recusandae perspiciatis aut quibusdam eveniet asperiores sequi. Aliquam aperiam et consequatur tenetur pariatur eligendi.', 911, 0, 8, '2019-02-19 04:56:17', '2019-02-19 04:56:17'),
(133, 'perspiciatis', 'Maxime commodi aut voluptas. Qui quidem quas eius ratione sit ut voluptates. Sed soluta sit cupiditate quae quia ipsam. Voluptate iste ducimus maiores adipisci sint. Molestiae repellat tenetur velit reprehenderit at cum voluptatem incidunt.', 404, 3, 8, '2019-02-19 04:56:17', '2019-02-19 04:56:17'),
(134, 'ut', 'Ipsum et et labore nulla vitae quod. Et ab voluptatem repudiandae rerum. Voluptatem eos ab dolor ut eligendi.', 167, 5, 7, '2019-02-19 04:56:17', '2019-02-19 04:56:17'),
(135, 'et', 'Porro voluptas dolore incidunt magni delectus culpa. Aliquam et velit qui doloremque tempora fugit vel. Officiis qui iusto laborum beatae.', 511, 0, 30, '2019-02-19 04:56:17', '2019-02-19 04:56:17'),
(136, 'voluptas', 'Amet quia iure libero neque enim. Amet quidem eum vero explicabo ut.', 674, 9, 18, '2019-02-19 04:56:17', '2019-02-19 04:56:17'),
(137, 'eos', 'Corrupti ipsa dolor officiis aperiam est sint porro. Neque labore vel sit ab laudantium ratione. Placeat esse neque ea cum accusamus.', 392, 7, 19, '2019-02-19 04:56:17', '2019-02-19 04:56:17'),
(138, 'quidem', 'Sunt laboriosam qui ipsa consectetur dolor consectetur quasi. Dicta rerum ipsam aut sint. Repudiandae tempora harum rerum nemo deserunt explicabo. Iste corrupti blanditiis optio similique qui. Culpa molestiae voluptatibus molestiae temporibus.', 458, 1, 2, '2019-02-19 04:56:17', '2019-02-19 04:56:17'),
(139, 'repudiandae', 'Dolore molestiae sed minima aut accusamus voluptatibus ad impedit. Explicabo eum aspernatur minus maiores dolorem ipsum. Exercitationem corporis in voluptatum quasi excepturi voluptatem. Mollitia in molestiae numquam occaecati culpa ipsa.', 891, 3, 17, '2019-02-19 04:56:17', '2019-02-19 04:56:17'),
(140, 'et', 'Officiis ad ut sunt distinctio quo dolorem enim perspiciatis. Aspernatur soluta minima consectetur sapiente. Maxime a ea magni nihil reiciendis repellat et laborum. Consectetur illo velit temporibus minus nihil maiores.', 388, 0, 20, '2019-02-19 04:56:17', '2019-02-19 04:56:17'),
(141, 'aliquam', 'Ut expedita et laboriosam aperiam dolorum minima eligendi aliquam. Corporis similique et voluptatem quos ea qui. Enim repellendus modi quaerat perspiciatis.', 457, 7, 15, '2019-02-19 04:56:17', '2019-02-19 04:56:17'),
(142, 'voluptate', 'Voluptate quod rerum sint et distinctio. Dolorem dolorem qui aperiam. Nobis consequatur consequuntur soluta in architecto sint eius.', 721, 4, 24, '2019-02-19 04:56:17', '2019-02-19 04:56:17'),
(143, 'totam', 'Aut rerum quae voluptatum modi. Corrupti qui velit sequi nihil exercitationem tenetur. Et molestiae quam nobis magnam animi. Consequatur earum laudantium repellat autem.', 573, 8, 15, '2019-02-19 04:56:17', '2019-02-19 04:56:17'),
(144, 'repellendus', 'Hic fugiat veniam ut ut. Perferendis omnis temporibus et recusandae repellat. Quidem iure vero tempora nostrum est.', 152, 2, 11, '2019-02-19 04:56:17', '2019-02-19 04:56:17'),
(145, 'debitis', 'Nihil numquam dolor reiciendis repellendus. Modi perspiciatis ut alias et accusamus aut. Velit error magnam dignissimos maiores quae. Quia placeat est sunt optio.', 346, 6, 19, '2019-02-19 04:56:17', '2019-02-19 04:56:17'),
(146, 'accusamus', 'Reprehenderit aut iure ea cum non. Sed quam ratione illum hic placeat.', 105, 5, 21, '2019-02-19 04:56:17', '2019-02-19 04:56:17'),
(147, 'beatae', 'Velit aliquid temporibus voluptas eos. Et ratione illum non mollitia doloremque libero. Repudiandae error atque qui debitis.', 847, 2, 29, '2019-02-19 04:56:17', '2019-02-19 04:56:17'),
(148, 'voluptatibus', 'Labore excepturi qui quia vero consequatur non. Est suscipit sequi dolore saepe excepturi ut. Dolorem error ipsam molestias laborum. Consectetur esse ducimus qui totam corrupti.', 864, 4, 29, '2019-02-19 04:56:17', '2019-02-19 04:56:17'),
(149, 'quas', 'Et laborum numquam possimus ea voluptatem nisi. Suscipit illo quae nihil doloremque quis exercitationem qui quis. Ut amet omnis cumque aperiam aut.', 833, 9, 29, '2019-02-19 04:56:17', '2019-02-19 04:56:17'),
(150, 'reprehenderit', 'Expedita rerum itaque est. Alias harum ratione expedita et atque quibusdam repellat tempora. Impedit voluptate aperiam quos numquam enim eum ab aut. Labore veniam qui nesciunt animi voluptates. Ipsam facere iure ipsa dolore.', 592, 4, 8, '2019-02-19 04:56:17', '2019-02-19 04:56:17');

-- --------------------------------------------------------

--
-- Table structure for table `reviews`
--

CREATE TABLE `reviews` (
  `id` int(10) UNSIGNED NOT NULL,
  `product_id` int(10) UNSIGNED NOT NULL,
  `customer` varchar(191) COLLATE utf8mb4_unicode_ci NOT NULL,
  `review` text COLLATE utf8mb4_unicode_ci NOT NULL,
  `star` int(11) NOT NULL,
  `created_at` timestamp NULL DEFAULT NULL,
  `updated_at` timestamp NULL DEFAULT NULL
) ENGINE=InnoDB DEFAULT CHARSET=utf8mb4 COLLATE=utf8mb4_unicode_ci;

--
-- Dumping data for table `reviews`
--

INSERT INTO `reviews` (`id`, `product_id`, `customer`, `review`, `star`, `created_at`, `updated_at`) VALUES
(1, 118, 'Sierra Sporer', 'Quo corrupti et dolorum occaecati qui. Nulla deserunt quia vel reprehenderit veritatis molestiae numquam officia. Saepe quibusdam repellat est similique ea sit quasi. Quasi dolor debitis saepe omnis ad temporibus consequatur.', 5, '2019-02-19 04:56:18', '2019-02-19 04:56:18'),
(2, 144, 'Miss Lempi Thompson', 'Et harum amet dolores libero. Vitae pariatur amet quasi voluptates ab repellendus enim accusantium. Temporibus enim praesentium tenetur rerum et id.', 1, '2019-02-19 04:56:18', '2019-02-19 04:56:18'),
(3, 1, 'Samanta McLaughlin', 'Officiis corrupti sed rem dolor neque in. Corrupti voluptate enim error minima modi eligendi. Vitae asperiores perferendis et sunt corrupti.', 2, '2019-02-19 04:56:18', '2019-02-19 04:56:18'),
(4, 149, 'Pasquale McDermott', 'Et eos excepturi occaecati quod. Autem voluptatem est illum sequi cumque id. Est sunt voluptatem numquam consequuntur autem voluptatem quam.', 2, '2019-02-19 04:56:18', '2019-02-19 04:56:18'),
(5, 9, 'Cathrine Gutkowski', 'Aspernatur quod dolorem et maiores qui eius vitae. Sed blanditiis autem et sint nulla. Sint odio eaque ipsum quas eos quia cupiditate. Tenetur quasi quo doloremque doloribus placeat deleniti.', 5, '2019-02-19 04:56:18', '2019-02-19 04:56:18'),
(6, 143, 'Richard Tromp', 'Magni consequatur sed magni qui. Perferendis quo nesciunt quasi id quasi distinctio voluptatibus. Autem dolorum itaque dolores exercitationem.', 4, '2019-02-19 04:56:18', '2019-02-19 04:56:18'),
(7, 15, 'Mae Cole', 'Molestiae labore fugit asperiores repudiandae nisi ad. Aut beatae impedit laudantium praesentium tempore qui. Rerum omnis commodi perspiciatis reiciendis magni quis.', 4, '2019-02-19 04:56:18', '2019-02-19 04:56:18'),
(8, 136, 'Miss Chloe Ruecker', 'Magnam error ducimus minima totam voluptates in. Quia ducimus ex pariatur corrupti mollitia. Et ab occaecati vel omnis doloribus nulla.', 3, '2019-02-19 04:56:19', '2019-02-19 04:56:19'),
(9, 53, 'Kristian Daniel', 'Omnis eos esse sit facere quaerat. Sunt molestiae nostrum nisi dignissimos voluptatum. Est cupiditate vitae tempora iste tenetur et.', 5, '2019-02-19 04:56:19', '2019-02-19 04:56:19'),
(10, 78, 'Verna Brakus', 'Quibusdam sunt laboriosam dolorem sit amet. Molestiae et perspiciatis cupiditate atque et eaque. Eos recusandae necessitatibus commodi est.', 1, '2019-02-19 04:56:19', '2019-02-19 04:56:19'),
(11, 139, 'Jordi Kulas PhD', 'Voluptatem hic ut aut fugit minima quo. Et ratione praesentium odio distinctio. Laboriosam vel ipsam perferendis dicta fuga.', 1, '2019-02-19 04:56:19', '2019-02-19 04:56:19'),
(12, 123, 'Dr. Rachel Morar Sr.', 'Veniam dolorem aut voluptatem qui labore non ad. Nihil qui autem aut quia. Veniam enim reprehenderit tenetur vitae vero.', 3, '2019-02-19 04:56:19', '2019-02-19 04:56:19'),
(13, 78, 'Amber Smitham', 'Fuga dolores nihil facilis. Ipsam cumque eum minima itaque nisi. Id aut vitae voluptatem.', 1, '2019-02-19 04:56:19', '2019-02-19 04:56:19'),
(14, 102, 'Dr. Daphney Wolf Sr.', 'Autem ad consequatur sapiente sint numquam voluptatem. Voluptas saepe dolorem beatae et distinctio vel sed eius. Perspiciatis quidem quos dolores aut. Explicabo voluptatem tempore quia aut sit itaque praesentium.', 3, '2019-02-19 04:56:19', '2019-02-19 04:56:19'),
(15, 106, 'Claude Kunde DDS', 'Quia eum fugiat nihil totam pariatur odio non. Est possimus molestias error praesentium accusamus. Saepe aliquid voluptatem autem ipsum qui aut.', 3, '2019-02-19 04:56:19', '2019-02-19 04:56:19'),
(16, 90, 'Elody Eichmann', 'Repellat dolores maxime doloribus accusamus ut ea et. Non repudiandae qui fugit voluptate. Veritatis adipisci repudiandae eveniet non quia voluptatem.', 2, '2019-02-19 04:56:19', '2019-02-19 04:56:19'),
(17, 60, 'Anna Roberts', 'Officiis quia aspernatur est officiis sit veniam. Ea perferendis exercitationem debitis iste eveniet commodi explicabo rem. Veniam nostrum et dolores illum voluptatem. Et mollitia minus accusantium.', 4, '2019-02-19 04:56:19', '2019-02-19 04:56:19'),
(18, 10, 'Eloisa Hand', 'Perferendis iusto omnis repellat suscipit quos. Dolorum maxime exercitationem ut. Est labore et quod totam modi et et. At voluptas sed recusandae.', 5, '2019-02-19 04:56:19', '2019-02-19 04:56:19'),
(19, 74, 'Gabriel Rath', 'Libero rem non doloribus. Minus sit laudantium qui enim ut ut sit. Sed dolores consequatur tempora aut id recusandae.', 1, '2019-02-19 04:56:19', '2019-02-19 04:56:19'),
(20, 9, 'Kasandra Gibson', 'Illum facere id unde voluptas adipisci tempore rerum. Ratione et in voluptate dolorum qui nihil fuga unde. Vitae aut placeat sunt deserunt aut dolorem.', 3, '2019-02-19 04:56:19', '2019-02-19 04:56:19'),
(21, 119, 'Kariane Bins', 'Voluptatibus alias atque ea autem culpa. Voluptatem sunt cum praesentium nihil doloremque est. Aut distinctio qui qui a architecto. Autem animi eos deserunt et ut odit.', 0, '2019-02-19 04:56:19', '2019-02-19 04:56:19'),
(22, 70, 'Lesley Smith', 'Facilis ab et nesciunt voluptatem. Impedit est quia officia deleniti veritatis totam.', 0, '2019-02-19 04:56:19', '2019-02-19 04:56:19'),
(23, 117, 'Dr. Cara Koepp III', 'Ut natus aut aperiam quis explicabo. Facilis cum ut voluptates facilis. Unde optio quae aut molestiae molestiae minima autem.', 2, '2019-02-19 04:56:19', '2019-02-19 04:56:19'),
(24, 33, 'Katrine Mills', 'Voluptatem veritatis voluptatem exercitationem reprehenderit eos aspernatur ad. Earum ipsum voluptatibus nisi autem.', 3, '2019-02-19 04:56:19', '2019-02-19 04:56:19'),
(25, 84, 'Marquis Deckow', 'Vel non non qui. Quos ut distinctio tempora quia ut sed ipsa. Vel omnis doloribus nemo temporibus et odio. Id omnis et aliquid aut reprehenderit quisquam esse.', 5, '2019-02-19 04:56:19', '2019-02-19 04:56:19'),
(26, 99, 'Aryanna Jacobson', 'Aperiam id voluptas doloribus. Fugiat et illo dolorum repudiandae. Voluptatem neque laboriosam dolore et. Nihil totam quia corrupti similique necessitatibus aperiam.', 1, '2019-02-19 04:56:19', '2019-02-19 04:56:19'),
(27, 27, 'William Goldner', 'Officiis amet omnis nesciunt. Pariatur qui dolorem enim mollitia et facilis. Qui dolor dolores aliquid. Et assumenda quidem consectetur molestiae.', 4, '2019-02-19 04:56:19', '2019-02-19 04:56:19'),
(28, 71, 'Trinity Bogisich', 'Quae praesentium et libero enim numquam. Aut sint laudantium optio eos aut dolores. Deserunt est ad expedita qui dolor.', 4, '2019-02-19 04:56:19', '2019-02-19 04:56:19'),
(29, 97, 'Oma Tremblay DVM', 'Quas numquam rerum corrupti est libero ut. Et saepe non dolorem odit aliquam porro ut. Quaerat mollitia voluptatibus voluptatum non.', 5, '2019-02-19 04:56:19', '2019-02-19 04:56:19'),
(30, 31, 'Orin Swift', 'Sed deleniti est nulla ut. Consequatur culpa dicta quia cum sunt. Dolorum numquam quis omnis qui tempore aliquam.', 5, '2019-02-19 04:56:19', '2019-02-19 04:56:19'),
(31, 110, 'Bryce McGlynn', 'Expedita voluptas ex rerum aliquam. Et vel suscipit perferendis adipisci vel. Exercitationem voluptas asperiores ipsum ut.', 2, '2019-02-19 04:56:19', '2019-02-19 04:56:19'),
(32, 145, 'Dr. Garth Feil II', 'Aliquam sit cum et. Quasi omnis ut magnam ratione et optio pariatur. Eum quia consequatur iusto accusantium commodi velit. Iure laborum quas sed distinctio et aut.', 3, '2019-02-19 04:56:19', '2019-02-19 04:56:19'),
(33, 1, 'Emie McLaughlin', 'Porro accusamus quas sint ratione quo temporibus. Nesciunt voluptatem tempora sint et sint mollitia molestiae incidunt. Est commodi quos ullam voluptatum tempora. Rem provident sint maxime aperiam dolore.', 1, '2019-02-19 04:56:19', '2019-02-19 04:56:19'),
(34, 78, 'Dario Schultz', 'Qui vel velit dolorum quaerat. Itaque iste minus sapiente. Reprehenderit at non quia dolorem.', 1, '2019-02-19 04:56:19', '2019-02-19 04:56:19'),
(35, 35, 'Kristin Mann', 'Pariatur facilis sapiente enim sequi. Corrupti laborum doloremque quis necessitatibus. Est natus dignissimos eos tempore. In et quibusdam a accusamus rerum at.', 0, '2019-02-19 04:56:19', '2019-02-19 04:56:19'),
(36, 72, 'Miss Dixie Goldner', 'Et sint et excepturi ut aut minima unde. Explicabo rerum ut saepe tempore similique. Vel delectus qui quidem incidunt saepe.', 4, '2019-02-19 04:56:19', '2019-02-19 04:56:19'),
(37, 102, 'Tod Huel', 'Quisquam necessitatibus accusantium ex aut officia laudantium. Itaque qui non exercitationem necessitatibus ea. Nam voluptas sit magnam minima placeat.', 5, '2019-02-19 04:56:19', '2019-02-19 04:56:19'),
(38, 30, 'Della Swaniawski V', 'Dolorem perspiciatis quia aut reiciendis dignissimos eveniet. Porro illo quos unde ut repudiandae aut eos. Aliquid aliquam in consectetur enim voluptatem amet. Aliquam veniam voluptatem quae ratione. Et deserunt consequatur magni reiciendis aut sed eaque.', 5, '2019-02-19 04:56:19', '2019-02-19 04:56:19'),
(39, 90, 'Emilia Johnson', 'Aut iure aperiam dicta aliquam iusto nam. Doloremque a dicta culpa explicabo. Expedita dolorem aut quibusdam officia doloremque ad. Rerum aut deleniti laudantium quis iusto assumenda.', 4, '2019-02-19 04:56:19', '2019-02-19 04:56:19'),
(40, 3, 'Ima Kiehn', 'Ducimus ex sed pariatur sed nam consequatur similique. Nam quaerat ab dignissimos. Accusamus omnis similique necessitatibus cupiditate. Unde qui repellendus repellendus nostrum distinctio veniam exercitationem consequatur.', 0, '2019-02-19 04:56:19', '2019-02-19 04:56:19'),
(41, 3, 'Mckenna Von', 'Maiores rerum id temporibus sint. Minima recusandae sed ea. Unde dolores eum voluptatem dicta. Occaecati a doloribus magnam reiciendis et labore.', 4, '2019-02-19 04:56:19', '2019-02-19 04:56:19'),
(42, 62, 'Filomena Prosacco MD', 'Omnis quasi odit qui reiciendis et ab cumque. Itaque odio quo voluptatem et qui omnis nobis. Itaque laborum ipsa temporibus sapiente.', 0, '2019-02-19 04:56:19', '2019-02-19 04:56:19'),
(43, 49, 'Mr. Ludwig Bayer Jr.', 'Cum qui rerum corporis. Asperiores veritatis ex quo consequatur quia. Est qui officia amet dicta nihil veniam aut molestiae.', 1, '2019-02-19 04:56:19', '2019-02-19 04:56:19'),
(44, 12, 'Vallie Kuhn DVM', 'Natus placeat itaque et rerum modi. Aliquam quas quos et. Consequatur sequi nostrum hic eligendi. Corporis laboriosam aspernatur temporibus.', 0, '2019-02-19 04:56:19', '2019-02-19 04:56:19'),
(45, 50, 'Prof. Esteban Kub PhD', 'Voluptatibus expedita vitae voluptas distinctio nihil deserunt dolores. Occaecati est et quis distinctio est dolor commodi. Ut autem voluptatem voluptates recusandae adipisci exercitationem voluptates rerum.', 4, '2019-02-19 04:56:20', '2019-02-19 04:56:20'),
(46, 25, 'Ervin Weimann', 'Labore adipisci et unde voluptatem. Consequatur nam rerum et optio sint. Est magnam quia quas placeat laudantium voluptatibus natus. Repellat consequatur optio odit sequi enim ipsam nisi.', 2, '2019-02-19 04:56:20', '2019-02-19 04:56:20'),
(47, 138, 'Enos Schuster', 'Aut aut numquam cupiditate laborum aliquid nulla amet. Quasi voluptatum velit facilis occaecati molestiae ab adipisci. In doloribus tempora delectus eius earum.', 3, '2019-02-19 04:56:20', '2019-02-19 04:56:20'),
(48, 104, 'Mrs. Chanel Weimann III', 'Dolor rerum sint aspernatur qui magni omnis esse. Sit eveniet commodi sit quidem illo. Velit et sequi veritatis dolores voluptatem recusandae sed. Repellat aut officia quis delectus.', 1, '2019-02-19 04:56:20', '2019-02-19 04:56:20'),
(49, 134, 'Danielle Wisoky', 'Incidunt laudantium aspernatur consectetur minima praesentium autem quam. Ut tempore enim ea sint dolor quis sint quaerat. Non tempora voluptatem pariatur sequi cupiditate similique.', 5, '2019-02-19 04:56:20', '2019-02-19 04:56:20'),
(50, 144, 'Mrs. Bessie Zemlak Jr.', 'Autem incidunt ut qui illo quibusdam praesentium. Rerum id fugit ad accusantium. Cumque odio cumque qui eius molestiae quod distinctio. Libero voluptatem aliquid voluptatum. Similique sequi sed fugit vero consequatur officiis quia.', 0, '2019-02-19 04:56:20', '2019-02-19 04:56:20'),
(51, 139, 'Lizeth Hackett I', 'Recusandae nihil est totam et eaque at non hic. Voluptatibus nostrum ducimus enim assumenda. Molestias facilis ipsam velit explicabo voluptatem quos.', 3, '2019-02-19 04:56:20', '2019-02-19 04:56:20'),
(52, 143, 'Sydney White', 'Error accusamus illum voluptatem ut quis ut earum quibusdam. Sed ullam dicta unde nam sed et expedita dolor. Corporis at dolorem quis enim odit soluta ullam.', 2, '2019-02-19 04:56:20', '2019-02-19 04:56:20'),
(53, 7, 'Rhoda Gerhold', 'Beatae aut illo magnam distinctio. Amet ab molestiae aspernatur molestiae non. Non et iure sit aspernatur odit laborum ipsam.', 1, '2019-02-19 04:56:20', '2019-02-19 04:56:20'),
(54, 129, 'Prof. Bryce Harris', 'Sunt esse voluptatum aut animi praesentium qui. Aspernatur itaque ad rerum aperiam possimus neque aut.', 0, '2019-02-19 04:56:20', '2019-02-19 04:56:20'),
(55, 50, 'Mrs. Opal Casper', 'Nihil quia aut omnis modi voluptatibus dolorum eos. Ut laboriosam dolorem assumenda asperiores. Facere sunt non dolor delectus sint.', 0, '2019-02-19 04:56:20', '2019-02-19 04:56:20'),
(56, 91, 'Randal Schroeder', 'Fugiat numquam maxime non. Sequi ut animi vel omnis qui non.', 0, '2019-02-19 04:56:20', '2019-02-19 04:56:20'),
(57, 76, 'Eulah Steuber', 'Fuga aut vel labore ut at. Sequi error id ipsum molestiae aliquam quam ut.', 2, '2019-02-19 04:56:20', '2019-02-19 04:56:20'),
(58, 120, 'Jazlyn Roob', 'Alias ab voluptate praesentium. Autem dolor qui quis. Velit et est dignissimos praesentium et laborum ut.', 1, '2019-02-19 04:56:20', '2019-02-19 04:56:20'),
(59, 70, 'Ms. Dulce Veum Jr.', 'Exercitationem itaque ut recusandae delectus nostrum eos. Tempore eius officia totam maxime distinctio doloremque officia. Omnis mollitia non reiciendis quis.', 2, '2019-02-19 04:56:20', '2019-02-19 04:56:20'),
(60, 10, 'Prof. Camylle Gottlieb', 'Quibusdam ab sapiente dolores qui. Totam voluptatem nisi tenetur officiis. Non omnis est doloribus est quibusdam consequatur qui exercitationem. Vitae et et sit.', 1, '2019-02-19 04:56:20', '2019-02-19 04:56:20'),
(61, 74, 'Liliane McCullough DDS', 'Non quam in debitis sit velit quia. Dolore neque iste blanditiis voluptatem dolore labore. Sed alias nulla in voluptate nihil. Iure occaecati autem tenetur et aut blanditiis.', 5, '2019-02-19 04:56:20', '2019-02-19 04:56:20'),
(62, 140, 'Terrell Roberts', 'Odio nisi molestiae voluptas et. Dolore in asperiores sit ea aliquam. Nostrum non quis qui. Libero perferendis modi ut est sit aut.', 0, '2019-02-19 04:56:20', '2019-02-19 04:56:20'),
(63, 28, 'Erna Upton', 'Doloribus quo ea nihil odio perspiciatis molestias. Sit consequatur earum sit numquam quisquam.', 4, '2019-02-19 04:56:20', '2019-02-19 04:56:20'),
(64, 16, 'Briana Reilly II', 'Doloribus aut consequatur quidem. Similique natus est et saepe. Est aperiam omnis sit sunt.', 0, '2019-02-19 04:56:20', '2019-02-19 04:56:20'),
(65, 90, 'Eladio Luettgen', 'Eius optio commodi nesciunt et qui impedit. Aut blanditiis consequatur et quia ratione quae consequatur sequi. Voluptatum odit corrupti nihil et et id. Placeat illum consequuntur atque numquam voluptas commodi ipsa.', 1, '2019-02-19 04:56:20', '2019-02-19 04:56:20'),
(66, 13, 'Prof. Tyrique Johnston V', 'Voluptas ut amet fuga autem rerum. Aut laboriosam porro voluptas aut et sed quas ut. Omnis praesentium esse qui est rerum. Qui quo numquam voluptatem consequatur quia distinctio.', 3, '2019-02-19 04:56:20', '2019-02-19 04:56:20'),
(67, 68, 'Prof. Loma Reichel IV', 'Harum est aut sed sit omnis ut autem. Vero error iste dicta. Voluptas voluptatem dolore ipsa ipsam voluptas.', 4, '2019-02-19 04:56:20', '2019-02-19 04:56:20'),
(68, 83, 'Jazmyn Torp', 'Officiis doloribus dolorem laudantium necessitatibus omnis ratione blanditiis. Eum eum omnis sit ad sit exercitationem eos. Maxime ex rem veniam sed qui non ut.', 2, '2019-02-19 04:56:20', '2019-02-19 04:56:20'),
(69, 143, 'Odessa Glover', 'Ipsam ipsum debitis aut et sunt voluptatem. Atque et et incidunt enim id qui. Aliquid est laudantium pariatur sequi aut mollitia. Unde deleniti ipsam ut eius.', 0, '2019-02-19 04:56:20', '2019-02-19 04:56:20'),
(70, 133, 'Trystan Gottlieb', 'Et voluptate modi dolores quae vero non exercitationem. Nostrum vitae iste odit reprehenderit alias libero. Sed ex quisquam tempore minima.', 3, '2019-02-19 04:56:20', '2019-02-19 04:56:20'),
(71, 35, 'Ali Cremin', 'Adipisci quae minima asperiores perspiciatis ut. Hic impedit accusantium ducimus molestiae eum nesciunt asperiores. Quaerat odit magni inventore molestiae et. Consequatur nostrum adipisci aut illo voluptatum vel quia.', 5, '2019-02-19 04:56:20', '2019-02-19 04:56:20'),
(72, 85, 'Ramiro Stracke', 'Natus dignissimos sequi enim ut. Et sapiente qui nisi ullam et est. Molestiae quas voluptas ad vel dolores.', 3, '2019-02-19 04:56:20', '2019-02-19 04:56:20'),
(73, 78, 'Ms. Layla Strosin Sr.', 'Neque aperiam ut alias excepturi eum. Omnis tenetur reiciendis ut consequatur ut provident. Doloremque perferendis dolorum excepturi dolorem excepturi optio.', 0, '2019-02-19 04:56:20', '2019-02-19 04:56:20'),
(74, 28, 'Meaghan Keebler IV', 'In et commodi maiores ut voluptas eos. Consequuntur est dolorum eaque optio quos placeat alias nihil. Aut provident quis cum similique facere illum sint. Qui quod eos ab qui reiciendis molestiae expedita.', 2, '2019-02-19 04:56:20', '2019-02-19 04:56:20'),
(75, 121, 'Elvis Volkman', 'Tenetur laborum corporis architecto in magni deserunt. Est dolores aut libero et dolor quia maiores.', 1, '2019-02-19 04:56:20', '2019-02-19 04:56:20'),
(76, 108, 'Vicenta Schinner II', 'Dolores tenetur sapiente fugit labore sit. Quis exercitationem eveniet autem soluta sint reprehenderit. Qui molestiae consectetur corrupti natus laudantium reiciendis esse et. Iure fugiat ratione aperiam nobis impedit. In velit voluptas officia quod quidem.', 4, '2019-02-19 04:56:20', '2019-02-19 04:56:20'),
(77, 133, 'Devante Glover', 'Repudiandae assumenda aliquam cumque sit voluptas quae. Eligendi voluptatum soluta est autem et. Alias voluptatem laborum accusantium culpa.', 4, '2019-02-19 04:56:20', '2019-02-19 04:56:20'),
(78, 101, 'Prof. Genoveva Graham MD', 'Sed voluptatem tempora optio. Sunt est porro error similique cumque. Repellat enim ut voluptas modi et nihil et vitae. Et aut repellat eos et velit ea. Et eius laboriosam pariatur corrupti aut sit asperiores.', 3, '2019-02-19 04:56:20', '2019-02-19 04:56:20'),
(79, 69, 'Dovie Sauer V', 'Facilis et est dolor fuga ab rem. Nobis repellendus harum dolor esse eveniet debitis. Non eum et animi ab quam voluptas.', 5, '2019-02-19 04:56:20', '2019-02-19 04:56:20'),
(80, 87, 'Estevan Dickinson', 'Dignissimos ratione soluta est veniam. Facere ut excepturi quo distinctio eum officia fuga. Optio voluptas minima quam iste voluptas iste explicabo dolorum. Quo maxime voluptas quasi ea ullam.', 3, '2019-02-19 04:56:20', '2019-02-19 04:56:20'),
(81, 53, 'Ms. Lola Larkin', 'Ducimus quibusdam fugit aut omnis vel culpa autem repellat. Quia eius vel quaerat accusantium sit rerum. Architecto commodi repellendus vitae ipsa. Rerum aliquam iste iure nihil repellendus delectus sed voluptatem.', 3, '2019-02-19 04:56:20', '2019-02-19 04:56:20'),
(82, 44, 'Dr. Ronny Schoen', 'Sit laborum deserunt cum ratione. Dignissimos unde quasi sed dignissimos perferendis blanditiis. Id ipsa debitis commodi perspiciatis sit beatae.', 2, '2019-02-19 04:56:20', '2019-02-19 04:56:20'),
(83, 21, 'Hiram Fadel', 'Aut ut dolor praesentium et labore. Consequuntur rerum illo voluptate odit quos repudiandae. Eos autem officia quam dolorem libero inventore. Inventore provident quidem doloremque.', 1, '2019-02-19 04:56:21', '2019-02-19 04:56:21'),
(84, 29, 'Jewell Robel Jr.', 'Necessitatibus ea expedita aliquid labore. Illum debitis laudantium voluptatem provident. Ad similique aut illum.', 1, '2019-02-19 04:56:21', '2019-02-19 04:56:21'),
(85, 60, 'Dr. Monserrat Weber', 'A sapiente tempora quas. Quo itaque quibusdam unde vel unde quia possimus. Corporis quas magni ratione. Est at praesentium voluptatem ducimus molestias.', 2, '2019-02-19 04:56:21', '2019-02-19 04:56:21'),
(86, 138, 'Jeanie Kessler Sr.', 'Qui beatae veritatis fugit voluptate voluptas. Eveniet et voluptates sequi quis fugit quam. Voluptas facere quia possimus est cum praesentium accusamus dolorem.', 5, '2019-02-19 04:56:21', '2019-02-19 04:56:21'),
(87, 75, 'Sabrina Ferry', 'Unde eum et velit id id est sed. Optio provident reprehenderit tempora est. Ea sequi debitis corporis rerum nisi sed expedita nam.', 5, '2019-02-19 04:56:21', '2019-02-19 04:56:21'),
(88, 92, 'Milford Predovic II', 'Vel ea id aperiam occaecati. Sed officia iusto et deleniti cupiditate voluptas maxime. Facere aut qui et dolore sunt qui nostrum.', 5, '2019-02-19 04:56:21', '2019-02-19 04:56:21'),
(89, 132, 'Lillian Williamson', 'Delectus cum dolores amet qui minima ipsam aspernatur. Atque qui dolore id est. Illo totam velit fugiat neque accusamus.', 2, '2019-02-19 04:56:21', '2019-02-19 04:56:21'),
(90, 118, 'Rosemarie Kuvalis MD', 'Quis quos sit est temporibus dolorum velit non. Vero molestiae est autem nam quaerat et. Dicta fuga voluptatem nisi voluptas ex. Officia molestias facere et voluptatum autem voluptatem.', 4, '2019-02-19 04:56:21', '2019-02-19 04:56:21'),
(91, 47, 'Kenna Kertzmann I', 'In ratione officia aut inventore quae praesentium rerum ut. Dicta eaque sed cumque neque delectus repudiandae. Fugiat dolores excepturi explicabo perspiciatis.', 1, '2019-02-19 04:56:21', '2019-02-19 04:56:21'),
(92, 130, 'Bernardo Runte I', 'Corporis consectetur ipsum animi dolores dolor similique. Molestiae voluptatem dolor quia porro nobis. Voluptatibus nulla ea adipisci odio. Et nihil consectetur omnis veniam enim aut.', 5, '2019-02-19 04:56:21', '2019-02-19 04:56:21'),
(93, 21, 'Lexie Price II', 'Sed quo aut possimus nam odio in qui. Asperiores sunt ut illum error. Facilis ullam nulla mollitia quos repellendus cupiditate. Aliquam quam et ipsam at.', 1, '2019-02-19 04:56:21', '2019-02-19 04:56:21'),
(94, 91, 'Adele Moen IV', 'Voluptatem cum cum repellat. In est numquam voluptatum sit similique. Cum quis rerum dignissimos amet.', 5, '2019-02-19 04:56:21', '2019-02-19 04:56:21'),
(95, 149, 'Clark Spencer V', 'Velit quos odit molestiae corporis eveniet. Quia quidem aut est voluptas vel fugit corporis. Voluptas illo neque saepe omnis quis.', 4, '2019-02-19 04:56:21', '2019-02-19 04:56:21'),
(96, 74, 'Mr. Alexander Bednar IV', 'Non ut quis reiciendis ullam consectetur facilis. Amet adipisci quibusdam ut minima illum laboriosam. Pariatur pariatur accusamus excepturi dignissimos libero aut.', 5, '2019-02-19 04:56:21', '2019-02-19 04:56:21'),
(97, 71, 'Prof. Amely Lebsack', 'Praesentium corrupti iusto odio voluptas numquam eligendi fugit inventore. Temporibus fugiat quas beatae. Saepe necessitatibus voluptas nostrum provident nihil in libero cumque. Labore blanditiis velit dolorem et et officiis.', 4, '2019-02-19 04:56:21', '2019-02-19 04:56:21'),
(98, 72, 'Jermain Kassulke', 'Facere cupiditate optio laborum asperiores est minima quas ad. Non sed dolorem debitis quis quaerat est totam. Quisquam rerum voluptas sed quasi officia mollitia.', 2, '2019-02-19 04:56:21', '2019-02-19 04:56:21'),
(99, 146, 'Lelia Carroll', 'Sunt et commodi excepturi qui inventore et quaerat. Deserunt qui ut qui harum laborum accusamus nobis. Consequatur et cumque harum. Ex sit vero rerum est.', 4, '2019-02-19 04:56:21', '2019-02-19 04:56:21'),
(100, 40, 'Mr. Consuelo Jones DDS', 'Dolor temporibus inventore est modi et ducimus. Est non ad perferendis rerum magni est omnis. Optio accusamus vitae omnis optio occaecati. Enim deserunt vel corrupti perspiciatis dolorem eos iure.', 1, '2019-02-19 04:56:21', '2019-02-19 04:56:21'),
(101, 114, 'Prof. Judson Jast DVM', 'Harum voluptatibus nihil et et soluta soluta praesentium. Occaecati eos placeat dicta atque quam nam. Nihil excepturi voluptates minima recusandae. Voluptas porro voluptas voluptas magni omnis autem numquam.', 0, '2019-02-19 04:56:21', '2019-02-19 04:56:21'),
(102, 39, 'Pietro Mills', 'Deleniti voluptas voluptates explicabo esse totam at voluptatem et. Ex temporibus exercitationem non omnis. Perferendis voluptatem ullam minima reprehenderit. Et vel sed consequatur qui est.', 1, '2019-02-19 04:56:21', '2019-02-19 04:56:21'),
(103, 147, 'Mr. Howard Shields III', 'Dicta ut impedit labore at perspiciatis. Numquam ea est odio ducimus. At vel dolorem et corporis sint. Vel illum facere cum.', 4, '2019-02-19 04:56:21', '2019-02-19 04:56:21'),
(104, 46, 'Anastacio Gleason', 'Voluptatem officia odio totam officia ipsam et. Modi impedit in perspiciatis architecto a. Aut necessitatibus dolores error modi exercitationem cumque omnis explicabo.', 0, '2019-02-19 04:56:21', '2019-02-19 04:56:21'),
(105, 148, 'Lonie Osinski', 'Tempore ab et sed cum qui autem. Veniam id suscipit iusto doloremque dolor. Iusto numquam laudantium iusto necessitatibus iste aut. Neque sequi voluptates nam doloremque et autem in. Et nihil fugiat sapiente rerum autem earum non.', 0, '2019-02-19 04:56:21', '2019-02-19 04:56:21'),
(106, 80, 'Allene Ryan', 'Nobis ut qui perspiciatis rerum deleniti rem consequatur. Et sed quia fugit. Delectus dolor tempora numquam et illo explicabo.', 4, '2019-02-19 04:56:21', '2019-02-19 04:56:21'),
(107, 56, 'Fleta Beer', 'Enim facilis quas consectetur vitae. Pariatur laboriosam minima at odit in. Aut aut est soluta magni et sit fugiat. Dolor officia voluptas nam in in ex consequatur. Voluptatem dolorem aliquam optio rem voluptas.', 3, '2019-02-19 04:56:21', '2019-02-19 04:56:21'),
(108, 6, 'Shannon Corwin', 'Blanditiis molestiae quis et quasi. Et ducimus magni et qui et. Ut ipsa voluptatem ut dolore vel. Fugit inventore quasi nostrum architecto.', 4, '2019-02-19 04:56:21', '2019-02-19 04:56:21'),
(109, 44, 'Tess Beer', 'Occaecati consectetur beatae est dolorem excepturi. Odio voluptatem tempora incidunt ut sit. Omnis rerum laudantium debitis. Eligendi dolore rerum praesentium distinctio.', 0, '2019-02-19 04:56:21', '2019-02-19 04:56:21'),
(110, 32, 'Prof. Wendell Kuphal', 'Et nisi ut in voluptates fugiat hic numquam. Sit in quaerat dolores doloremque provident delectus iure. Sequi voluptate et aperiam alias est ullam.', 2, '2019-02-19 04:56:21', '2019-02-19 04:56:21'),
(111, 34, 'Prof. Tavares Berge PhD', 'Fugiat sit deleniti qui quo. Provident qui quia labore inventore ratione soluta. Voluptatem optio impedit temporibus voluptates facilis optio. Velit doloribus ipsum blanditiis ipsam optio rerum.', 2, '2019-02-19 04:56:21', '2019-02-19 04:56:21'),
(112, 31, 'Nils Gislason', 'Ut rerum fuga id repellendus odit. Qui voluptatum placeat voluptate. Consectetur reprehenderit vel dolore non repellat dicta tempora dolorem.', 1, '2019-02-19 04:56:21', '2019-02-19 04:56:21'),
(113, 76, 'Jana Nitzsche III', 'Voluptatem accusantium error nesciunt accusamus aperiam sed distinctio. Et eius voluptatibus ipsum et asperiores. Debitis dolor non enim error inventore. Ducimus illo labore accusamus ad rerum.', 1, '2019-02-19 04:56:21', '2019-02-19 04:56:21'),
(114, 134, 'Mr. Jalon Auer', 'Rerum officiis repellendus delectus ut. Aut rerum omnis consequuntur id sapiente alias. Quia praesentium odio velit aliquid rerum eum doloremque. Minus consequatur dolor suscipit odio animi harum.', 5, '2019-02-19 04:56:21', '2019-02-19 04:56:21'),
(115, 137, 'Shaniya Weber', 'Odio eos adipisci aspernatur. Id est molestiae velit sed quisquam cumque. Ipsam ipsum natus nisi et numquam.', 1, '2019-02-19 04:56:21', '2019-02-19 04:56:21'),
(116, 40, 'Ms. Juliet Cormier Jr.', 'Voluptatem blanditiis quo optio molestiae autem consequatur et veniam. Est nulla sapiente et odit fugit suscipit. Sapiente laboriosam ut suscipit autem ab quam culpa.', 5, '2019-02-19 04:56:21', '2019-02-19 04:56:21'),
(117, 114, 'Deven Langworth III', 'Quas doloribus aut amet qui repudiandae. In et nostrum suscipit aut animi velit officiis. Recusandae quas voluptas molestias magnam laborum sed. Quis minus rem libero quas.', 2, '2019-02-19 04:56:21', '2019-02-19 04:56:21'),
(118, 27, 'Dr. Maya Kohler', 'Qui perferendis inventore expedita tenetur minus occaecati. Cum laborum temporibus vel voluptatem consectetur temporibus. Quasi cum corrupti sunt iusto. Delectus et sunt adipisci iusto ad et fugit esse. Fugiat molestiae magni autem.', 1, '2019-02-19 04:56:21', '2019-02-19 04:56:21'),
(119, 16, 'Prof. Bethel Buckridge', 'Voluptate vitae consequatur aliquam. Et voluptatem consequuntur unde optio pariatur. Quas nam placeat ut qui animi quo. Dicta id dicta et sit.', 2, '2019-02-19 04:56:21', '2019-02-19 04:56:21'),
(120, 48, 'Ms. Erna Boehm I', 'Voluptatem voluptas quae quidem voluptates est omnis aut asperiores. Commodi sed rerum magnam sit nisi recusandae. Dolor ut rerum ab deserunt assumenda eveniet. Sit non et enim itaque.', 3, '2019-02-19 04:56:21', '2019-02-19 04:56:21'),
(121, 86, 'Ms. Anya Braun', 'Ea doloribus eveniet consequatur ullam exercitationem. Quod ullam enim ex eum vero vitae ut consectetur. Ex nulla beatae eligendi est nesciunt. Quidem nobis nesciunt nesciunt quo et. Repellendus fugiat vel deleniti.', 3, '2019-02-19 04:56:21', '2019-02-19 04:56:21'),
(122, 4, 'Paige Leannon Jr.', 'Qui ut dignissimos quia tenetur veritatis nihil. Ut qui sed veritatis qui dolores nulla ea. Sed sit ut quia sunt nesciunt. Soluta similique ut nemo eum quis cupiditate.', 5, '2019-02-19 04:56:21', '2019-02-19 04:56:21'),
(123, 143, 'Marlin Lind', 'Nisi qui distinctio tempore ut odit voluptatum veniam. Voluptatum eveniet eum minima necessitatibus velit facilis inventore.', 2, '2019-02-19 04:56:22', '2019-02-19 04:56:22'),
(124, 46, 'Edythe Mayer', 'Ducimus in sed esse provident ut. Unde rem saepe sequi veniam laborum veniam. Voluptatem rerum itaque saepe et.', 1, '2019-02-19 04:56:22', '2019-02-19 04:56:22'),
(125, 113, 'Hellen Koepp', 'Voluptatum alias minima enim laborum quia. Reprehenderit ut beatae quia quo odio. Corrupti eos quae voluptatum et deserunt. Rerum necessitatibus nemo laborum ut id consectetur.', 0, '2019-02-19 04:56:22', '2019-02-19 04:56:22'),
(126, 120, 'Ms. Patience Marvin', 'Omnis molestiae hic sed sed. Recusandae quo quibusdam tenetur alias id eius. Officia sequi ducimus voluptas recusandae. Eaque est debitis qui assumenda in et eligendi.', 0, '2019-02-19 04:56:22', '2019-02-19 04:56:22'),
(127, 121, 'Ms. Guadalupe Gerlach', 'Minus tempora aut ab soluta fuga molestias dolores ducimus. Repellendus et architecto eligendi molestiae quia laudantium. Est consectetur et est est totam.', 0, '2019-02-19 04:56:22', '2019-02-19 04:56:22'),
(128, 109, 'Reanna Kreiger', 'Nulla aut consequuntur distinctio laborum. Velit perferendis ex rerum. Possimus amet dolore recusandae ut officia aut deleniti facere. Pariatur sed sequi magnam eaque. Vero qui est eum recusandae.', 1, '2019-02-19 04:56:22', '2019-02-19 04:56:22'),
(129, 93, 'Dr. Easter Lesch MD', 'Numquam praesentium tempora voluptatem rerum excepturi. Ullam voluptate mollitia omnis. Voluptatibus ipsum quas totam eius facere. Quibusdam commodi autem numquam adipisci quae.', 2, '2019-02-19 04:56:22', '2019-02-19 04:56:22'),
(130, 24, 'Demarco Ferry', 'Omnis qui dicta accusamus quia laudantium officiis quia. Et aut iusto expedita. Culpa magnam atque delectus accusantium tempore debitis commodi.', 2, '2019-02-19 04:56:22', '2019-02-19 04:56:22'),
(131, 39, 'Roscoe Corkery', 'Qui necessitatibus dolorum id. Repellat cumque atque quaerat aspernatur eveniet laudantium porro. Perferendis non id sit autem.', 3, '2019-02-19 04:56:22', '2019-02-19 04:56:22'),
(132, 14, 'Dr. Victoria Johnston III', 'Aliquid aut et dolores totam recusandae. Quo perferendis officiis velit dolorem unde ut iusto.', 0, '2019-02-19 04:56:22', '2019-02-19 04:56:22'),
(133, 101, 'Prof. Mia Pollich Jr.', 'Repudiandae id iure quo modi dolorum impedit quia sit. Ut ut qui blanditiis quis et animi error omnis. Natus praesentium nihil odit. Omnis voluptas voluptatibus vero consequatur ut sed corrupti.', 0, '2019-02-19 04:56:22', '2019-02-19 04:56:22'),
(134, 49, 'Harley Greenholt', 'Quidem qui expedita repellat placeat quia sequi commodi. At et nemo dolore. Iste quia ea cum sequi tenetur fuga. Velit voluptas repellendus velit quaerat molestiae.', 2, '2019-02-19 04:56:22', '2019-02-19 04:56:22'),
(135, 57, 'Milo Lynch', 'Eveniet exercitationem et cumque vero itaque accusantium et. Tenetur omnis expedita nam quo et. Quia est amet aliquid. Consequatur rem quaerat nisi facilis blanditiis eum ducimus. Eos dolorem quaerat qui modi perferendis.', 3, '2019-02-19 04:56:22', '2019-02-19 04:56:22'),
(136, 84, 'Dale Sipes', 'Aut consequatur sit cum voluptas occaecati. Quae eveniet non alias iste fugiat. Voluptas non nesciunt repudiandae temporibus occaecati magni. Vel magni sint doloribus doloremque pariatur nam qui.', 2, '2019-02-19 04:56:22', '2019-02-19 04:56:22'),
(137, 42, 'Mr. Rex Lesch', 'Ut et quidem tenetur soluta. Laudantium et amet voluptas autem. Atque quis illo libero quas explicabo ipsa.', 1, '2019-02-19 04:56:22', '2019-02-19 04:56:22'),
(138, 124, 'Dr. Cory Schiller', 'Possimus fugit nihil magnam nam qui nam dolorem. Necessitatibus nobis labore odio occaecati at. Quidem aut consectetur sunt.', 5, '2019-02-19 04:56:22', '2019-02-19 04:56:22'),
(139, 124, 'Elyse Stanton', 'Recusandae modi pariatur sint incidunt libero. Aut ea est voluptatem sed molestiae ipsa sed. Nihil eveniet quas ex odio.', 0, '2019-02-19 04:56:22', '2019-02-19 04:56:22'),
(140, 104, 'Eloise Lowe IV', 'Optio nihil iure autem a ut aut. Incidunt eum voluptatem nihil aperiam et itaque assumenda. Aut dolorem quibusdam quos ipsam aut. Occaecati ut quia incidunt nihil voluptate quisquam et. Maxime odit et quis vero sunt aut.', 2, '2019-02-19 04:56:22', '2019-02-19 04:56:22'),
(141, 67, 'Ms. Christelle Herman III', 'Enim laboriosam possimus sed velit qui non quibusdam. Consequatur et sunt cumque et qui eos. Harum omnis omnis vero id impedit autem beatae.', 0, '2019-02-19 04:56:22', '2019-02-19 04:56:22'),
(142, 132, 'Dr. Hailee Weimann', 'Nobis quasi occaecati rerum id. Eum est eveniet et eveniet ab aut qui. Quam aut suscipit sunt similique delectus. Assumenda fugit minus et possimus similique veritatis quibusdam.', 2, '2019-02-19 04:56:22', '2019-02-19 04:56:22'),
(143, 115, 'Constantin Rohan', 'Nobis qui ut accusamus animi. Molestias animi commodi velit animi optio quis. Qui harum repellendus vero aut consequuntur ducimus quas quis.', 4, '2019-02-19 04:56:22', '2019-02-19 04:56:22'),
(144, 86, 'Dean Schuppe', 'Earum quia molestias nihil eligendi in omnis aspernatur. Cumque aut nisi sunt.', 0, '2019-02-19 04:56:22', '2019-02-19 04:56:22'),
(145, 113, 'Margarett Hettinger', 'Iste ut possimus culpa rerum quis aut sint omnis. Assumenda in doloremque voluptas enim. Vitae dolores ea ipsam omnis unde aut. Et dolorem est eos exercitationem aliquam.', 5, '2019-02-19 04:56:22', '2019-02-19 04:56:22'),
(146, 7, 'Dante Kozey II', 'Omnis nisi eum itaque eveniet delectus et. Tempore labore totam perspiciatis alias voluptate nihil qui. Non temporibus dolores aliquid eveniet dicta officia.', 5, '2019-02-19 04:56:22', '2019-02-19 04:56:22'),
(147, 18, 'Ciara Grimes', 'Enim qui eum amet numquam nemo. Error dolorem deleniti molestiae corporis provident ut. Quia ut non sint sunt voluptatem in iste natus.', 5, '2019-02-19 04:56:22', '2019-02-19 04:56:22'),
(148, 46, 'Mr. Jamie VonRueden II', 'Nam delectus voluptatibus veniam veritatis voluptates tempora rerum ut. Neque unde quia ut corrupti aut eos. Eveniet reiciendis sunt error illum libero inventore omnis. Voluptas et doloremque odio nulla ad.', 2, '2019-02-19 04:56:22', '2019-02-19 04:56:22'),
(149, 130, 'Candido Hand', 'Modi laborum non necessitatibus et voluptates ipsam explicabo. Deleniti ipsa qui aut assumenda iure. Occaecati harum occaecati et fuga necessitatibus eaque fugit.', 3, '2019-02-19 04:56:22', '2019-02-19 04:56:22'),
(150, 133, 'Libby Littel', 'Voluptatum qui provident earum natus suscipit esse est. Quos rerum dolore nisi facere. Sapiente quia omnis minima vitae.', 0, '2019-02-19 04:56:22', '2019-02-19 04:56:22'),
(151, 73, 'Dr. Rosa Hirthe DDS', 'Facilis doloremque at et qui nemo. Sed laborum quam assumenda quaerat. Aut neque ut quidem debitis soluta voluptate.', 3, '2019-02-19 04:56:22', '2019-02-19 04:56:22'),
(152, 114, 'Kennedi Douglas Sr.', 'Nam suscipit in consequatur. Sint vero qui in beatae est aliquam. Expedita facere quis ut quo. Illum eaque necessitatibus natus ut nobis consequatur.', 0, '2019-02-19 04:56:22', '2019-02-19 04:56:22'),
(153, 99, 'Kathryn Bins', 'Sit eos aut hic vel autem quibusdam. Molestias error non explicabo omnis.', 3, '2019-02-19 04:56:22', '2019-02-19 04:56:22'),
(154, 31, 'Mr. Shayne Weissnat III', 'Est consequatur omnis quisquam veritatis ad. Autem rerum culpa qui. Recusandae et nobis rerum hic sequi et. Dolorem dignissimos et vel enim ut vel adipisci.', 0, '2019-02-19 04:56:22', '2019-02-19 04:56:22'),
(155, 44, 'Mrs. Dixie Gislason', 'Cumque veritatis pariatur nihil corporis. Excepturi maxime enim odio ipsum placeat ipsum.', 3, '2019-02-19 04:56:22', '2019-02-19 04:56:22'),
(156, 70, 'Josie Kemmer', 'Nam placeat aut consectetur officiis optio maxime. Cupiditate ut ullam explicabo tempore minus. Deleniti ut laborum dolores qui pariatur. Reiciendis eum aut sunt porro sunt fuga.', 0, '2019-02-19 04:56:23', '2019-02-19 04:56:23'),
(157, 120, 'Wiley Grant', 'Enim ipsa nam vero consectetur consequatur dicta. Eum voluptatibus est provident cupiditate. Error mollitia nulla nobis aut dolore soluta velit eaque. Voluptas libero nemo quis ex et.', 3, '2019-02-19 04:56:23', '2019-02-19 04:56:23'),
(158, 148, 'Prof. Rebeka Blick PhD', 'Inventore qui necessitatibus et fugit. Optio quidem et a et atque at inventore. Doloribus ipsa excepturi tempora ab. Laborum vel voluptatem cupiditate itaque non.', 4, '2019-02-19 04:56:23', '2019-02-19 04:56:23'),
(159, 116, 'Lempi Stroman', 'Iure architecto consequatur cumque nisi ipsa adipisci quis. Libero dolorem fugit asperiores. Officiis temporibus facere ut voluptate. Voluptas eius omnis quam quisquam sed. Hic ut dolor tempora nesciunt eaque.', 1, '2019-02-19 04:56:23', '2019-02-19 04:56:23'),
(160, 119, 'Kaley Cremin DDS', 'Perferendis sed aliquam non officia modi. In sapiente eos eum totam quo perferendis. At ea tempora quibusdam recusandae et sunt nobis.', 2, '2019-02-19 04:56:23', '2019-02-19 04:56:23'),
(161, 116, 'Rodrick Greenfelder Sr.', 'Quia odit eaque voluptas iste ut ad quis. Velit corporis repellendus sequi quis laudantium voluptas. Et totam rerum unde adipisci et sit id.', 0, '2019-02-19 04:56:23', '2019-02-19 04:56:23'),
(162, 116, 'Destiney Balistreri', 'Laboriosam recusandae nemo dolor sed nostrum asperiores nemo. Rerum numquam reprehenderit maiores cupiditate quae sapiente consequuntur. Voluptate porro similique reprehenderit ab reprehenderit repellendus. Hic sapiente deserunt cumque aut.', 1, '2019-02-19 04:56:23', '2019-02-19 04:56:23'),
(163, 23, 'Virginia Dare IV', 'Iste explicabo numquam nostrum possimus. Accusantium recusandae et ratione vitae et sed molestiae.', 3, '2019-02-19 04:56:23', '2019-02-19 04:56:23'),
(164, 10, 'Golda Ward V', 'Libero autem impedit in quod et non aliquam. Molestiae et et et voluptatem. Sunt ea aspernatur nisi accusantium dolorem nihil officiis. Perferendis tempora perspiciatis cum iusto sed est. Molestiae ut provident doloremque sint corporis.', 5, '2019-02-19 04:56:23', '2019-02-19 04:56:23'),
(165, 49, 'Dr. Sydni Koepp MD', 'In commodi amet et cupiditate voluptate qui est. Est dolorem quod iusto id. Repellendus soluta deserunt voluptates quis iusto repellendus. Numquam quis autem repudiandae illum.', 2, '2019-02-19 04:56:23', '2019-02-19 04:56:23'),
(166, 50, 'Dr. Esther McCullough', 'Qui est placeat quia aliquam. Dolorem et velit ut repudiandae quis cumque.', 3, '2019-02-19 04:56:23', '2019-02-19 04:56:23'),
(167, 31, 'Ewell Blanda', 'Eos deleniti repellendus sint necessitatibus perferendis voluptas magnam sed. Animi dicta quam ut totam reiciendis ea. Sunt architecto id fugiat qui et laudantium quam fugit. Mollitia ipsam magni iste ipsam eos.', 3, '2019-02-19 04:56:23', '2019-02-19 04:56:23'),
(168, 93, 'Josiane Wiegand Sr.', 'Hic aut et suscipit et. Delectus assumenda quas ut et pariatur perspiciatis. Asperiores saepe sequi odio quaerat tenetur et recusandae. Totam rerum tempore officia dignissimos quas ex.', 1, '2019-02-19 04:56:23', '2019-02-19 04:56:23'),
(169, 99, 'Bud Gulgowski', 'Qui explicabo quo est excepturi ex. Dolorem beatae fugiat vitae voluptatem. Necessitatibus eos aliquam corrupti. Iste dolorem ipsa corrupti pariatur.', 0, '2019-02-19 04:56:23', '2019-02-19 04:56:23'),
(170, 43, 'Prof. Robin Howell', 'Voluptatum eaque facere laboriosam soluta. Velit sunt minima iusto officiis voluptates incidunt sit. Id sed molestiae molestiae voluptatem pariatur officia non. Alias provident ut dolores est. Rerum eos molestiae numquam neque.', 4, '2019-02-19 04:56:23', '2019-02-19 04:56:23'),
(171, 65, 'Michael Ferry', 'Officiis harum beatae laudantium ipsam quo iste. Ex deserunt dolorum perferendis sed libero. Similique id aut eos ut facilis necessitatibus harum. Sunt rerum iste libero facilis expedita reiciendis.', 5, '2019-02-19 04:56:23', '2019-02-19 04:56:23'),
(172, 87, 'Cecil Orn', 'Quibusdam ex quas placeat est. Quaerat commodi dolores quam sed. Harum possimus quas earum ut.', 0, '2019-02-19 04:56:23', '2019-02-19 04:56:23'),
(173, 150, 'Dr. Shakira Barrows Sr.', 'Magni et quia voluptatibus aperiam. Eum aut at quo et doloremque. Totam sequi quisquam numquam provident.', 0, '2019-02-19 04:56:23', '2019-02-19 04:56:23'),
(174, 53, 'Vincenzo Kerluke', 'Rerum explicabo exercitationem excepturi quas ipsa praesentium quo. Eum perspiciatis et magnam similique libero molestiae ea.', 3, '2019-02-19 04:56:23', '2019-02-19 04:56:23'),
(175, 88, 'Miss Opal Block I', 'Rerum similique ab ipsum nemo excepturi eligendi numquam. Ratione quam ab explicabo maiores accusantium culpa. Ex dicta in ipsam ab doloremque libero sunt.', 4, '2019-02-19 04:56:23', '2019-02-19 04:56:23'),
(176, 148, 'Stephanie Conn', 'Excepturi eum alias assumenda quo deleniti. Provident earum quasi voluptas voluptatibus et animi. Non illo nisi cupiditate voluptatibus minus tempora qui. Sunt magnam iste consequuntur est. Veritatis harum explicabo aut cumque consequuntur est fuga modi.', 5, '2019-02-19 04:56:23', '2019-02-19 04:56:23'),
(177, 110, 'Kamren Schuppe', 'Repellendus et quidem omnis ut eos. Qui illo quia dolor accusantium error repudiandae sit. Facilis deserunt doloribus excepturi consequatur aliquid saepe.', 2, '2019-02-19 04:56:23', '2019-02-19 04:56:23'),
(178, 90, 'Branson Jacobson', 'Commodi dignissimos id assumenda consequatur perspiciatis et. Molestias quo delectus nisi soluta officiis repudiandae praesentium. Sit dicta et perferendis reprehenderit nisi reprehenderit autem illo.', 4, '2019-02-19 04:56:23', '2019-02-19 04:56:23'),
(179, 55, 'Larue Kuhlman', 'Eveniet qui sed earum est laboriosam voluptatem. Ab doloremque et dolorum soluta assumenda minus dolor. Molestias dolores quo nam neque dolor quia quo.', 0, '2019-02-19 04:56:23', '2019-02-19 04:56:23'),
(180, 100, 'Marley Anderson', 'Nobis quis et ullam id est accusamus natus. Et quos quis optio eius aut enim quod. Odit vel molestiae et blanditiis. Illum numquam corporis suscipit quo sit earum voluptas. Quia laudantium mollitia sapiente expedita.', 2, '2019-02-19 04:56:23', '2019-02-19 04:56:23'),
(181, 55, 'Dr. Kieran Cummings', 'Minima ut molestiae provident nisi. Ut quod excepturi facere qui. Facilis est sapiente natus officia. Facilis quae repellendus eaque itaque similique dolorem nobis nihil.', 3, '2019-02-19 04:56:23', '2019-02-19 04:56:23'),
(182, 4, 'Abigail Gottlieb', 'Quo sed quia quas velit nam. Autem et autem assumenda exercitationem. Beatae sed est velit commodi quod omnis.', 4, '2019-02-19 04:56:23', '2019-02-19 04:56:23'),
(183, 90, 'Ms. Else Rogahn III', 'Qui libero vitae sed quas ipsum et rerum est. Cumque natus vel blanditiis vel. Sunt rerum harum maiores adipisci error et. Et aspernatur sed inventore rem et provident repudiandae iste.', 5, '2019-02-19 04:56:23', '2019-02-19 04:56:23'),
(184, 3, 'Prof. Tyson Weimann IV', 'Fugit explicabo rerum sit voluptates iste dignissimos aut. Accusamus et nulla aliquid corrupti aut aut et. Dolor voluptas molestiae reiciendis atque doloremque.', 2, '2019-02-19 04:56:23', '2019-02-19 04:56:23'),
(185, 138, 'Donny Rempel', 'Exercitationem maxime qui omnis harum ea ut est. Fuga magnam voluptatem mollitia eaque ea. Ipsa sit laborum et et qui dicta eius.', 0, '2019-02-19 04:56:23', '2019-02-19 04:56:23'),
(186, 10, 'Mr. Ulises Waelchi II', 'Voluptas maxime recusandae similique ea. Laborum cum omnis perspiciatis error blanditiis. Sunt facilis voluptatem voluptatem tempora vero culpa laborum. Aspernatur nostrum cupiditate aut modi.', 1, '2019-02-19 04:56:23', '2019-02-19 04:56:23'),
(187, 61, 'Manley Zulauf', 'Sunt expedita velit autem enim assumenda. Enim ullam fugiat aut et totam et ratione. Est quia dolor et omnis dignissimos nam vero explicabo. Possimus harum quas qui laudantium ab. Et sed quasi minus numquam hic.', 0, '2019-02-19 04:56:23', '2019-02-19 04:56:23'),
(188, 143, 'Kameron Lueilwitz', 'Modi dolores est velit amet. Nihil et perferendis ipsa laborum nam. Qui tenetur cupiditate nemo provident.', 0, '2019-02-19 04:56:23', '2019-02-19 04:56:23'),
(189, 6, 'Alison Sauer', 'Expedita impedit amet molestias assumenda nobis. Aspernatur illum quidem laudantium quaerat quae rerum natus. Iure odio sit dolores quis.', 1, '2019-02-19 04:56:23', '2019-02-19 04:56:23'),
(190, 14, 'Keagan Rowe', 'Ea eius quia nihil molestiae ea sed consequatur ab. Est sint consequatur sit ducimus non. Est rerum officiis dolorem.', 2, '2019-02-19 04:56:23', '2019-02-19 04:56:23'),
(191, 19, 'Madge Marks', 'Quidem minus aut fugit ullam amet aut. Eos laborum id magnam porro ipsa sed qui sunt.', 5, '2019-02-19 04:56:24', '2019-02-19 04:56:24'),
(192, 150, 'Kaya White', 'Qui commodi ea nihil. Ut veritatis veniam nemo similique. Et hic aliquam ea dolorem dolorum. Necessitatibus molestiae dolorum neque recusandae.', 2, '2019-02-19 04:56:24', '2019-02-19 04:56:24'),
(193, 51, 'Maia Schmeler V', 'Aperiam dignissimos voluptas quia inventore nam maxime. Non blanditiis dolor ratione voluptas aut sunt. Eius vitae laborum cum sunt enim.', 2, '2019-02-19 04:56:24', '2019-02-19 04:56:24'),
(194, 112, 'Hattie Mraz', 'Itaque tenetur et et consequuntur aliquam repudiandae amet. Eaque hic enim occaecati voluptatibus nam. Doloribus beatae suscipit unde corrupti eveniet consequuntur ut velit. Nulla et modi consequuntur laboriosam aut consequuntur.', 1, '2019-02-19 04:56:24', '2019-02-19 04:56:24'),
(195, 89, 'Ashley Moen', 'Aut sed est odit ducimus eveniet debitis. Voluptas rerum quasi maiores. Et natus quasi ratione quis. Quia ex ratione praesentium eum.', 2, '2019-02-19 04:56:24', '2019-02-19 04:56:24'),
(196, 98, 'Mrs. Brianne Cormier IV', 'Odio qui quis natus. Optio repellat ipsa libero eum deleniti commodi. Rem dolorum omnis labore amet. Rerum non laboriosam facere.', 3, '2019-02-19 04:56:24', '2019-02-19 04:56:24'),
(197, 141, 'Athena Sauer', 'Perspiciatis alias non inventore unde. Tempora consequatur ipsa assumenda aut. Qui necessitatibus omnis consequatur officiis sapiente quia est. Et voluptatibus cum non ea voluptatem minus sed alias.', 4, '2019-02-19 04:56:24', '2019-02-19 04:56:24'),
(198, 109, 'Estevan Windler', 'Corporis facere officia distinctio voluptas. Veniam iusto qui tenetur quam sint. Qui rerum eveniet quibusdam ut odio quia sit.', 1, '2019-02-19 04:56:24', '2019-02-19 04:56:24'),
(199, 31, 'Nicolas Wuckert I', 'Minus dolorem inventore et facilis. Est tempora qui ea ipsum eos. Qui autem possimus pariatur hic et voluptatem. Illum ut similique occaecati dicta qui.', 4, '2019-02-19 04:56:24', '2019-02-19 04:56:24'),
(200, 40, 'Magnus Corkery', 'Ut necessitatibus velit possimus qui placeat repellendus. Assumenda dignissimos unde possimus odio quia repellat perspiciatis molestiae. Est quia nemo voluptas ab. Doloremque repellendus dolores necessitatibus.', 1, '2019-02-19 04:56:24', '2019-02-19 04:56:24'),
(201, 64, 'Alfred Wisoky', 'Asperiores eos velit pariatur magnam est. Aut sit molestiae sapiente odio repellendus distinctio repudiandae voluptates. Assumenda esse quos dolorem sint quia minus eum. Saepe aliquid quia in facere sit officiis omnis.', 5, '2019-02-19 04:56:24', '2019-02-19 04:56:24'),
(202, 38, 'Amos Orn', 'Qui rerum blanditiis rerum et ipsam qui. Sapiente explicabo repellendus aut sint repudiandae numquam libero. Voluptas et eveniet deserunt. Consequatur cumque aspernatur aut dicta nulla. Voluptatum soluta deserunt esse.', 1, '2019-02-19 04:56:24', '2019-02-19 04:56:24'),
(203, 80, 'Alivia Zboncak V', 'Ipsum atque voluptates facere omnis id deleniti. Perferendis magni inventore et. Vitae facere qui omnis quisquam commodi.', 1, '2019-02-19 04:56:24', '2019-02-19 04:56:24'),
(204, 100, 'Armani Cruickshank III', 'Aut ex maxime ex. Et quaerat aliquid quos in in dicta suscipit. Totam ab enim perspiciatis qui dolor. Autem quo in aut odit sed. Hic dolorem aut quam eum vero a.', 1, '2019-02-19 04:56:24', '2019-02-19 04:56:24'),
(205, 58, 'Ines Nicolas', 'Exercitationem sapiente quis qui repudiandae sed quo. Ex saepe dolorum soluta blanditiis ducimus et. Qui nulla non consectetur nihil. Neque ut aliquid sequi corrupti.', 0, '2019-02-19 04:56:24', '2019-02-19 04:56:24'),
(206, 142, 'Orion Spinka', 'Earum quos corrupti aut. Reprehenderit consequatur consectetur molestiae. Est porro omnis laborum et iure qui est hic.', 0, '2019-02-19 04:56:24', '2019-02-19 04:56:24'),
(207, 150, 'Jadyn Brakus', 'Excepturi eos exercitationem officiis. Rerum alias nemo quasi nostrum laudantium. Officiis ad ullam expedita ad. Nulla nostrum debitis quam voluptatum ullam perspiciatis sit eveniet.', 1, '2019-02-19 04:56:24', '2019-02-19 04:56:24'),
(208, 140, 'Dr. Troy Jacobs', 'Odit temporibus aliquam atque. Labore totam officia est enim voluptatem iure ducimus quia. Illo exercitationem eveniet et delectus et quia aut. Deserunt quas eaque illo ad eum aut.', 3, '2019-02-19 04:56:24', '2019-02-19 04:56:24'),
(209, 81, 'Nathan Gutkowski', 'Culpa iusto reprehenderit deserunt eos qui libero odio modi. Unde voluptates consequatur rerum iure officiis nihil sint eos. Sint ad soluta aut velit qui id laboriosam. In et qui quaerat. Deserunt eveniet quia delectus ratione et consequuntur in.', 5, '2019-02-19 04:56:24', '2019-02-19 04:56:24');
INSERT INTO `reviews` (`id`, `product_id`, `customer`, `review`, `star`, `created_at`, `updated_at`) VALUES
(210, 128, 'Aditya Weimann', 'Quidem et odio excepturi nisi numquam voluptatem. Quisquam delectus modi quia repellendus natus est quisquam. Et eum dolore deserunt. Consectetur sed et amet eaque cumque rerum molestiae. Et magnam et provident.', 1, '2019-02-19 04:56:24', '2019-02-19 04:56:24'),
(211, 112, 'Bernadine Williamson', 'Sed laborum minus consectetur delectus. Autem voluptatibus quasi quam libero aut earum. Facere aliquid aut aspernatur voluptates. Qui reprehenderit quo tempore sit.', 0, '2019-02-19 04:56:24', '2019-02-19 04:56:24'),
(212, 127, 'Hipolito Wehner', 'Et placeat et aspernatur non id consectetur rem. Numquam occaecati rerum suscipit molestiae. Recusandae a est rem.', 2, '2019-02-19 04:56:24', '2019-02-19 04:56:24'),
(213, 21, 'Garett Hand', 'Tempore distinctio cumque reprehenderit possimus aliquid aspernatur quam. Earum cum recusandae magnam qui quo omnis. Id dolorem tenetur deserunt excepturi qui debitis rerum minus.', 5, '2019-02-19 04:56:24', '2019-02-19 04:56:24'),
(214, 122, 'Miss Mya Lynch', 'Dolor est fugit odit modi laudantium sunt. Excepturi sequi sit similique aperiam assumenda quod quo doloribus. Animi et tempora commodi aut labore esse rerum voluptatem.', 0, '2019-02-19 04:56:24', '2019-02-19 04:56:24'),
(215, 132, 'Kurt Schimmel IV', 'Aliquam incidunt ut provident quia vero repudiandae est. Error error et suscipit. Totam rerum quibusdam itaque aperiam vero magnam.', 2, '2019-02-19 04:56:24', '2019-02-19 04:56:24'),
(216, 102, 'Miss Amie Mills IV', 'Cupiditate aut quis asperiores. Rerum ut et laboriosam ut consequatur alias. Omnis impedit officia earum sunt ea dolores quia ipsum.', 4, '2019-02-19 04:56:24', '2019-02-19 04:56:24'),
(217, 87, 'Lenny Gutmann Sr.', 'Possimus autem occaecati autem placeat voluptate. Ullam omnis atque dolores dicta veniam ut voluptatem. Quas velit quo quisquam quasi maiores consectetur.', 3, '2019-02-19 04:56:24', '2019-02-19 04:56:24'),
(218, 36, 'Shemar Botsford', 'Aut aliquid quas doloribus voluptatem. Voluptas possimus consequatur explicabo quam. Voluptatem sed veniam iste soluta voluptas aliquid qui consequatur. Sint sed repellat molestias est.', 0, '2019-02-19 04:56:24', '2019-02-19 04:56:24'),
(219, 53, 'Dr. Vivienne Terry', 'Delectus deserunt temporibus optio est labore odio voluptatem sint. Odio unde hic repellat aut qui nulla ipsum maiores. Est molestiae maxime ut aut et. Delectus mollitia sed nostrum nesciunt rem facere.', 5, '2019-02-19 04:56:24', '2019-02-19 04:56:24'),
(220, 110, 'Dr. Carissa Wolff', 'Sed laboriosam est in autem incidunt enim rerum. Impedit voluptas magnam ullam dolorem. Fugit qui tempore reiciendis excepturi possimus. Modi laudantium ipsum explicabo. Hic provident eveniet nisi.', 4, '2019-02-19 04:56:24', '2019-02-19 04:56:24'),
(221, 86, 'Jolie Koss', 'Architecto autem delectus laboriosam in expedita. Repudiandae officiis velit fugiat suscipit. Deserunt quos molestiae non.', 3, '2019-02-19 04:56:24', '2019-02-19 04:56:24'),
(222, 101, 'Jovanny Schuppe', 'Voluptatem nam quo iste qui. Et laborum aliquid alias iste perferendis iure molestiae illum. Quia possimus suscipit eveniet reiciendis est fugiat qui tempore.', 0, '2019-02-19 04:56:24', '2019-02-19 04:56:24'),
(223, 106, 'Nickolas Nolan', 'Eos a temporibus rem velit et occaecati. Aliquid non sit blanditiis est qui incidunt ratione.', 0, '2019-02-19 04:56:24', '2019-02-19 04:56:24'),
(224, 72, 'Angus Romaguera', 'Et quis pariatur aut eos ea. Quo rerum veniam consequatur pariatur rerum. Velit consequatur voluptate adipisci quia. Quis in nesciunt molestiae dignissimos modi nobis excepturi.', 1, '2019-02-19 04:56:24', '2019-02-19 04:56:24'),
(225, 92, 'Novella Jacobs', 'Dolor voluptas odit voluptates corporis perferendis ut. Doloremque beatae eaque et sint quod quasi. Provident ea eligendi magni porro. Est earum iste qui recusandae maxime numquam.', 1, '2019-02-19 04:56:24', '2019-02-19 04:56:24'),
(226, 55, 'Camron McDermott', 'Minus velit suscipit ratione vel sed. Et omnis consequatur dolorum quo qui culpa sint. Distinctio quos quam repudiandae ut libero corporis. Aut assumenda illum suscipit ut temporibus facere ducimus.', 3, '2019-02-19 04:56:24', '2019-02-19 04:56:24'),
(227, 65, 'Miss Daisha Zboncak', 'Et repudiandae id ut officia laborum. Ut beatae itaque iusto sunt vitae quidem. Inventore eos nihil dolores mollitia est.', 2, '2019-02-19 04:56:25', '2019-02-19 04:56:25'),
(228, 31, 'Ms. Lindsay Grimes', 'Rerum quia vel consequatur aut eligendi quae. Voluptas hic adipisci quidem aut. Aut nulla voluptatibus dolorem earum et mollitia itaque. Ut nobis iusto itaque rerum non.', 3, '2019-02-19 04:56:25', '2019-02-19 04:56:25'),
(229, 107, 'Miss Mara Runolfsson II', 'Est dolore ut ex. Molestiae tempore dolorum enim voluptatem dolorum occaecati. Iure ut optio repudiandae aut dignissimos sed esse accusantium.', 1, '2019-02-19 04:56:25', '2019-02-19 04:56:25'),
(230, 49, 'Lenore Fisher', 'Non alias harum dolorem ad. Esse quasi vel aut ex corporis animi consequatur. Error vel officia aut consequatur minus nam.', 3, '2019-02-19 04:56:25', '2019-02-19 04:56:25'),
(231, 94, 'Vallie Heidenreich', 'Ut praesentium perspiciatis eos sint eum recusandae iste saepe. Et voluptate et delectus aspernatur ad. Recusandae blanditiis quasi odio ut numquam repudiandae aut. Eius accusamus molestias unde neque et.', 4, '2019-02-19 04:56:25', '2019-02-19 04:56:25'),
(232, 86, 'Prof. Vito Brown MD', 'Nihil et doloremque aut illo consequatur. Ab omnis omnis mollitia et odit est. Ab eos sunt nisi corrupti non nobis. Est officia repudiandae temporibus.', 4, '2019-02-19 04:56:25', '2019-02-19 04:56:25'),
(233, 65, 'Melissa Prohaska', 'Fuga magnam voluptates rerum voluptatem dolores ea. Voluptas et pariatur dolorum quod neque dolor.', 0, '2019-02-19 04:56:25', '2019-02-19 04:56:25'),
(234, 129, 'Jessyca Gusikowski', 'Dolor veniam quod amet impedit assumenda. Odit perspiciatis omnis odio ut qui aut adipisci. Ut et vel molestiae ipsa veniam perferendis. Et quis ea non quidem.', 5, '2019-02-19 04:56:25', '2019-02-19 04:56:25'),
(235, 119, 'D\'angelo Bradtke', 'Nihil tempora vel assumenda aliquid aut. Illum ab sapiente expedita quaerat vel quae. Non tempore explicabo accusamus voluptas ut et minus. Sit id soluta commodi illo quae perspiciatis. Unde eos harum quam necessitatibus assumenda autem eligendi.', 5, '2019-02-19 04:56:25', '2019-02-19 04:56:25'),
(236, 15, 'Americo Yost', 'Voluptatem saepe unde molestiae cupiditate. Consequatur facere modi est voluptatem cupiditate quam cum laborum. Harum aut veritatis laborum qui atque dicta molestias.', 4, '2019-02-19 04:56:25', '2019-02-19 04:56:25'),
(237, 132, 'Mr. Wallace Funk MD', 'Soluta eligendi perferendis iure provident. Maxime recusandae ut adipisci velit molestiae temporibus quo. Eos cum esse saepe qui.', 4, '2019-02-19 04:56:25', '2019-02-19 04:56:25'),
(238, 125, 'Colton Kunde', 'Debitis quisquam molestiae qui ipsa error. Alias numquam qui laudantium quo assumenda odio. Sed dolores qui quo tempore.', 4, '2019-02-19 04:56:25', '2019-02-19 04:56:25'),
(239, 98, 'Royal Aufderhar', 'Atque iusto non et officiis sunt porro tempora ut. Aut quam impedit quia numquam temporibus cupiditate repudiandae. Saepe eveniet quas soluta deleniti.', 5, '2019-02-19 04:56:25', '2019-02-19 04:56:25'),
(240, 53, 'Nolan Volkman', 'Quae magni adipisci nisi animi recusandae deserunt. Modi dolor laboriosam aut expedita minus. Asperiores at fuga autem reprehenderit qui in. Dicta rerum sunt labore qui aperiam laboriosam nulla.', 3, '2019-02-19 04:56:25', '2019-02-19 04:56:25'),
(241, 56, 'Creola Kshlerin IV', 'Non eum architecto qui vitae quod. Illum nesciunt doloremque non enim qui dicta. In velit sunt sed sunt. Alias et neque corrupti eum.', 1, '2019-02-19 04:56:25', '2019-02-19 04:56:25'),
(242, 47, 'Kelsi Abernathy', 'Eum dolore cum dignissimos natus sapiente nemo autem. Sit quod facere dolorum neque. Cumque sed aut quo sed eos est. Tenetur ducimus fugit perferendis consectetur ab unde facilis nihil.', 3, '2019-02-19 04:56:25', '2019-02-19 04:56:25'),
(243, 38, 'Monserrat Fadel', 'Deserunt aperiam magni fuga nihil. At velit vitae harum aut earum eligendi. Omnis reprehenderit voluptatem et pariatur et consectetur. Rerum doloremque saepe recusandae animi provident adipisci inventore blanditiis.', 5, '2019-02-19 04:56:25', '2019-02-19 04:56:25'),
(244, 96, 'Stewart Hills', 'Praesentium nihil rerum optio aut quam vel voluptatem. Eum labore optio iusto dolores inventore qui. Minima veritatis porro similique laboriosam enim eum quo.', 5, '2019-02-19 04:56:25', '2019-02-19 04:56:25'),
(245, 139, 'Mrs. Eleanore Dietrich Sr.', 'Ut vero voluptatem natus a. Dolorem praesentium dolorum ullam aliquid dolore alias. Deleniti velit aut sed qui expedita. Perspiciatis voluptatem delectus quae quia quod accusantium sint.', 5, '2019-02-19 04:56:25', '2019-02-19 04:56:25'),
(246, 119, 'King McClure', 'Id natus eveniet quis repudiandae excepturi illo. Libero molestiae veritatis tempore. Quidem voluptatem doloremque eum commodi amet.', 5, '2019-02-19 04:56:25', '2019-02-19 04:56:25'),
(247, 31, 'Dr. Aubrey Zieme III', 'Dolorum vel dolorem mollitia velit exercitationem autem minima. Cum eligendi molestias esse reprehenderit.', 1, '2019-02-19 04:56:25', '2019-02-19 04:56:25'),
(248, 123, 'Ramiro Ratke MD', 'Provident quisquam consequatur eum id aut voluptatem. Voluptate non delectus facilis qui quo nihil. Ut dolores qui quos doloribus voluptatibus magni. Sint nihil et asperiores. Quos ea debitis eos fugit et nam.', 4, '2019-02-19 04:56:25', '2019-02-19 04:56:25'),
(249, 69, 'Jayde Wunsch', 'Voluptas est quasi voluptatum molestias. Quas necessitatibus officiis voluptatibus dolor laudantium ratione laudantium. Qui est voluptatem accusamus quisquam veritatis.', 0, '2019-02-19 04:56:25', '2019-02-19 04:56:25'),
(250, 70, 'Mrs. Tina Schneider Jr.', 'Aut nostrum neque quisquam. Illo rerum quod fuga dolorem pariatur deserunt fugiat. Placeat reiciendis totam nisi minus illum. Cumque sequi eos consequuntur repellendus nihil.', 3, '2019-02-19 04:56:25', '2019-02-19 04:56:25'),
(251, 5, 'Andy Schmeler', 'Officia accusantium voluptas ut cum quis. Adipisci excepturi assumenda dignissimos nihil non eveniet. Exercitationem accusamus cum non consectetur rem aliquam. Dolorem nihil expedita deleniti mollitia deserunt. Nisi reprehenderit illum iure ad veniam necessitatibus dignissimos.', 1, '2019-02-19 04:56:25', '2019-02-19 04:56:25'),
(252, 40, 'Mr. Raphael Koss IV', 'Cupiditate ea incidunt earum quibusdam dicta. Necessitatibus mollitia eius ut quia fuga nam aut eius. Saepe et eaque doloremque. Nesciunt et ea dolorum mollitia.', 4, '2019-02-19 04:56:25', '2019-02-19 04:56:25'),
(253, 57, 'Nikolas Morar MD', 'Consequatur in fugiat vel. Voluptates voluptas ipsum veniam doloremque id optio illo voluptatem.', 1, '2019-02-19 04:56:25', '2019-02-19 04:56:25'),
(254, 108, 'Mabelle Dibbert', 'Atque voluptas et hic aperiam neque quisquam non et. Ipsam dolorum sunt maiores tempora omnis. Repellendus nam nulla cumque itaque sint modi. Sit veritatis dolor esse voluptatem.', 1, '2019-02-19 04:56:25', '2019-02-19 04:56:25'),
(255, 47, 'Johnpaul McGlynn', 'Dignissimos aspernatur sunt libero eaque. Ut ad fugit beatae. Inventore similique soluta eos deserunt vero quia. Vitae dignissimos quisquam minima non unde molestias officiis.', 5, '2019-02-19 04:56:25', '2019-02-19 04:56:25'),
(256, 141, 'Frederique Paucek', 'Aut qui quia qui temporibus est ab. Ratione voluptas cumque ut velit facilis vero veniam. Necessitatibus ipsam consequatur error aut nobis.', 3, '2019-02-19 04:56:25', '2019-02-19 04:56:25'),
(257, 117, 'Gunner Gleason', 'Voluptatem aut iste facere non. Sint sed molestiae iste sit.', 2, '2019-02-19 04:56:25', '2019-02-19 04:56:25'),
(258, 50, 'Norris Koepp', 'Quod eligendi qui et illum aliquid in aut aliquam. Quasi dolor distinctio sunt fugiat quo quia. Dolores ut ad rerum quia.', 3, '2019-02-19 04:56:25', '2019-02-19 04:56:25'),
(259, 141, 'Eveline Carroll', 'Ab molestiae nostrum necessitatibus debitis veritatis aperiam in sunt. Assumenda ea libero officia. Est iusto non nisi laborum iure quasi ratione quasi. Eaque labore quia qui veritatis aut numquam suscipit ipsam.', 3, '2019-02-19 04:56:25', '2019-02-19 04:56:25'),
(260, 3, 'Prof. Berenice Gutkowski', 'Distinctio ex distinctio deleniti consequatur maxime expedita cupiditate. Possimus soluta ipsum corporis libero dignissimos. Dolore non qui harum totam in reiciendis dolorum. Quia ab unde omnis et consectetur et et.', 1, '2019-02-19 04:56:25', '2019-02-19 04:56:25'),
(261, 114, 'Rosario Turcotte', 'Voluptatem consectetur explicabo enim est totam fuga. Ipsum repellat aut modi sit ut et voluptas. Autem sit officia expedita nisi impedit magnam totam.', 4, '2019-02-19 04:56:25', '2019-02-19 04:56:25'),
(262, 38, 'Veronica Graham', 'Aut quidem quaerat deserunt doloremque. Eveniet officia fuga ut quidem error. Recusandae rerum veritatis placeat qui alias non.', 4, '2019-02-19 04:56:25', '2019-02-19 04:56:25'),
(263, 24, 'Lorine Fritsch', 'Dignissimos ipsam dolores omnis nobis. Dolor vitae error sit inventore tenetur sit tenetur. Cumque est et iusto qui vel iste. Quaerat repellat vel iusto natus dignissimos aut pariatur sunt.', 2, '2019-02-19 04:56:25', '2019-02-19 04:56:25'),
(264, 26, 'Alysson Dicki', 'Omnis at nam ut eligendi est nulla. Vel ad accusantium culpa sequi autem. Nostrum ipsum illum eveniet aut sit. Praesentium officiis fuga ratione dicta eos.', 3, '2019-02-19 04:56:26', '2019-02-19 04:56:26'),
(265, 43, 'Onie Pacocha', 'Ullam velit molestias qui officia porro. Ut est quibusdam officia mollitia quam corporis odio laudantium. Quae sint repellat nobis sed aspernatur optio occaecati.', 5, '2019-02-19 04:56:26', '2019-02-19 04:56:26'),
(266, 43, 'Frederic Ryan', 'Dignissimos incidunt voluptatem beatae ex. Ea placeat repellat quasi rerum aut officia amet quia. Ad sequi perspiciatis veritatis blanditiis.', 1, '2019-02-19 04:56:26', '2019-02-19 04:56:26'),
(267, 116, 'Mack Johns', 'Aliquid quaerat qui quas voluptas. Optio excepturi nostrum similique optio quia eius velit. Quibusdam et numquam necessitatibus quia soluta quaerat consequatur occaecati. Iusto aut expedita occaecati aut quisquam eaque ad consectetur.', 3, '2019-02-19 04:56:26', '2019-02-19 04:56:26'),
(268, 20, 'Mr. Scotty Powlowski Jr.', 'Molestias ea natus nesciunt ut eos quibusdam impedit. In et quia aliquam dolorum. Aut maxime enim exercitationem omnis iure sit. Eligendi omnis eos velit aliquam.', 1, '2019-02-19 04:56:26', '2019-02-19 04:56:26'),
(269, 58, 'Haylie Hoeger', 'Excepturi reprehenderit temporibus numquam quas sequi. Esse expedita aut nesciunt nobis. Unde et ut vitae mollitia. Rerum eligendi molestiae eos quas ratione qui.', 2, '2019-02-19 04:56:26', '2019-02-19 04:56:26'),
(270, 18, 'Miss Ethyl Reilly', 'Placeat sint facere dolorum aut. Sit veniam asperiores quaerat ut quo. Consequatur ipsa corrupti nesciunt ducimus incidunt.', 5, '2019-02-19 04:56:26', '2019-02-19 04:56:26'),
(271, 144, 'Granville Howe', 'Incidunt illum magnam maiores assumenda. Asperiores numquam autem voluptatem facilis rerum quae enim.', 5, '2019-02-19 04:56:26', '2019-02-19 04:56:26'),
(272, 21, 'Gerda Tromp', 'Dignissimos non quia illo. Facilis quidem quia corporis quo. Velit vitae natus ea rem. Esse est autem pariatur sit. Numquam doloremque a est assumenda ad id accusantium.', 2, '2019-02-19 04:56:26', '2019-02-19 04:56:26'),
(273, 74, 'Dr. Zackary Nader III', 'Possimus animi est velit dolores. Et in sed voluptatem qui quos magnam reiciendis. Similique officiis corrupti quas maxime soluta et quia. Harum dolorem et saepe doloremque eos dolor ut aut. Et velit cum eius est sunt.', 3, '2019-02-19 04:56:26', '2019-02-19 04:56:26'),
(274, 31, 'Aimee Little IV', 'Et eum earum aut repellat ut. Veniam dolores saepe sunt qui ea quas. Sint sed ut aliquid facilis. Quae omnis veniam voluptatem similique quas cum adipisci.', 0, '2019-02-19 04:56:26', '2019-02-19 04:56:26'),
(275, 20, 'Anastasia Beer', 'Aut rerum dignissimos excepturi sint id est. Labore at et provident ea numquam officia aut. Vel maxime corporis qui qui.', 0, '2019-02-19 04:56:26', '2019-02-19 04:56:26'),
(276, 25, 'Johan Altenwerth', 'Soluta eos cupiditate aut numquam optio. Atque commodi eum veniam perspiciatis. Fuga itaque ut alias qui qui.', 1, '2019-02-19 04:56:26', '2019-02-19 04:56:26'),
(277, 149, 'Janis Swift II', 'Itaque et fuga ut repudiandae error sed eum quod. Vel dignissimos consequatur aut sit dolores explicabo. Blanditiis possimus doloribus laboriosam voluptas. Quo laudantium repellat dolor adipisci.', 3, '2019-02-19 04:56:26', '2019-02-19 04:56:26'),
(278, 11, 'Cristal Haley', 'Iure recusandae iusto quia est occaecati aliquid. Nostrum a aspernatur tempora harum.', 2, '2019-02-19 04:56:26', '2019-02-19 04:56:26'),
(279, 149, 'Dr. Jany Kiehn', 'Et neque porro soluta est. Praesentium dignissimos omnis et quaerat. Maiores distinctio voluptatibus nulla ipsum illo id quos. Sunt praesentium commodi enim exercitationem ipsa quia.', 0, '2019-02-19 04:56:26', '2019-02-19 04:56:26'),
(280, 94, 'Jacinthe O\'Connell', 'Et debitis inventore et deleniti dolorem vero quo. Soluta minus eligendi sint autem non fugit. Dignissimos accusamus hic aut velit. Suscipit illo laborum et totam suscipit est. Perspiciatis odio est voluptas.', 3, '2019-02-19 04:56:26', '2019-02-19 04:56:26'),
(281, 97, 'Berneice Vandervort', 'Amet perspiciatis quod dolores voluptatem nemo eum et. In ut sed minus aperiam qui. Veritatis sint hic dicta ad explicabo accusamus.', 4, '2019-02-19 04:56:26', '2019-02-19 04:56:26'),
(282, 15, 'Ethan Wehner', 'Vero delectus officiis suscipit et. Quae voluptates dolor cupiditate temporibus. Similique amet provident qui. Neque officia porro vel explicabo.', 5, '2019-02-19 04:56:26', '2019-02-19 04:56:26'),
(283, 116, 'Mr. Nico Gulgowski', 'Et sit laborum neque consectetur doloremque aut. Accusantium et quasi ipsum velit quis sit. Vitae et consectetur velit quo similique deserunt minus velit.', 2, '2019-02-19 04:56:26', '2019-02-19 04:56:26'),
(284, 39, 'Mr. Edmund Schuppe', 'Et occaecati unde deserunt est. Vel modi optio ut asperiores esse.', 4, '2019-02-19 04:56:26', '2019-02-19 04:56:26'),
(285, 132, 'Roger Will', 'Autem officia nisi laborum temporibus asperiores non qui. Quas aut architecto ea voluptatem non ullam. Dolorum quibusdam iste omnis totam quia occaecati. Architecto voluptas aliquam ipsam non et.', 2, '2019-02-19 04:56:26', '2019-02-19 04:56:26'),
(286, 83, 'Chaim Goodwin PhD', 'Exercitationem impedit sed voluptas aut aliquid quod enim. Velit quo enim eius commodi. Omnis similique voluptates temporibus ut molestiae ut impedit. Impedit dolores praesentium maxime ut consequatur. Omnis facilis dolorum ab et accusamus ut.', 3, '2019-02-19 04:56:26', '2019-02-19 04:56:26'),
(287, 31, 'Prudence O\'Conner', 'Omnis consequatur dolorem perferendis est officia et ut. Sit quibusdam qui et soluta illo et. Odit qui aut quia possimus sed quasi expedita.', 1, '2019-02-19 04:56:26', '2019-02-19 04:56:26'),
(288, 69, 'Vilma Gleichner DDS', 'Repudiandae autem a doloribus qui aliquam. Illum enim quas vel.', 5, '2019-02-19 04:56:26', '2019-02-19 04:56:26'),
(289, 28, 'Mr. Orville Mohr II', 'Voluptas labore modi beatae ipsum sit. Amet veniam similique et quidem. Consequatur et autem consequuntur enim ullam.', 3, '2019-02-19 04:56:26', '2019-02-19 04:56:26'),
(290, 147, 'Hubert Lakin', 'Quod labore eos eos. Exercitationem dolores delectus sapiente ad. Dignissimos a esse quia qui dolore.', 3, '2019-02-19 04:56:26', '2019-02-19 04:56:26'),
(291, 72, 'Edwin Cummerata', 'Odit excepturi odit aspernatur explicabo animi. Iure quae minima perferendis eaque alias. Accusamus quia dicta magnam praesentium dolor. Accusamus impedit eos dolores quis unde sit.', 3, '2019-02-19 04:56:26', '2019-02-19 04:56:26'),
(292, 48, 'Russel O\'Kon', 'Et consequatur aspernatur minima aut dolor temporibus. Temporibus dolorem nam ullam ut consequatur enim repellat. Delectus nostrum consequuntur id quia.', 3, '2019-02-19 04:56:26', '2019-02-19 04:56:26'),
(293, 84, 'Ms. Rahsaan Stamm', 'Maxime enim dolor reiciendis atque molestias. Earum ut delectus rerum praesentium voluptate. Sit fugit molestias accusamus qui.', 5, '2019-02-19 04:56:26', '2019-02-19 04:56:26'),
(294, 123, 'Prof. Kenneth Kiehn', 'Reprehenderit qui aut qui nobis. Quae velit magni rerum est tenetur doloremque eaque. Est amet delectus molestias libero distinctio dolore molestias. Magnam dolores sed aliquam aut.', 4, '2019-02-19 04:56:26', '2019-02-19 04:56:26'),
(295, 24, 'Ms. Frida Nienow Sr.', 'Voluptatem magnam officia quis. Porro ullam et reprehenderit rerum. Est sed qui eum molestias eius.', 5, '2019-02-19 04:56:26', '2019-02-19 04:56:26'),
(296, 149, 'Evans Douglas III', 'Excepturi reprehenderit ipsa qui unde ut. Qui beatae tempora doloremque distinctio illo eos cupiditate. Et sit ut nisi fugit aut molestias.', 5, '2019-02-19 04:56:26', '2019-02-19 04:56:26'),
(297, 31, 'Miss Emelie Schaefer', 'Exercitationem odit sint voluptatem porro suscipit distinctio sunt fugit. Cumque dicta a nam maxime ratione explicabo. Qui veritatis qui labore perferendis eos libero dolorum.', 1, '2019-02-19 04:56:26', '2019-02-19 04:56:26'),
(298, 127, 'Ed Schumm', 'Qui necessitatibus velit autem qui. Unde et dolorem ea repellendus libero autem. Optio quaerat ex et alias voluptas quia tenetur ut. Sed ut et id in.', 2, '2019-02-19 04:56:26', '2019-02-19 04:56:26'),
(299, 55, 'Dr. Ana Hermann', 'Unde ut est ab nihil illo odio ipsam. Ea aut velit odio.', 0, '2019-02-19 04:56:26', '2019-02-19 04:56:26'),
(300, 100, 'Davonte Robel', 'Repudiandae sunt consequatur voluptatem magni eos debitis. Qui voluptas dolor accusantium voluptatem.', 4, '2019-02-19 04:56:27', '2019-02-19 04:56:27');

-- --------------------------------------------------------

--
-- Table structure for table `users`
--

CREATE TABLE `users` (
  `id` int(10) UNSIGNED NOT NULL,
  `name` varchar(191) COLLATE utf8mb4_unicode_ci NOT NULL,
  `email` varchar(191) COLLATE utf8mb4_unicode_ci NOT NULL,
  `email_verified_at` timestamp NULL DEFAULT NULL,
  `password` varchar(191) COLLATE utf8mb4_unicode_ci NOT NULL,
  `remember_token` varchar(100) COLLATE utf8mb4_unicode_ci DEFAULT NULL,
  `created_at` timestamp NULL DEFAULT NULL,
  `updated_at` timestamp NULL DEFAULT NULL
) ENGINE=InnoDB DEFAULT CHARSET=utf8mb4 COLLATE=utf8mb4_unicode_ci;

--
-- Indexes for dumped tables
--

--
-- Indexes for table `migrations`
--
ALTER TABLE `migrations`
  ADD PRIMARY KEY (`id`);

--
-- Indexes for table `password_resets`
--
ALTER TABLE `password_resets`
  ADD KEY `password_resets_email_index` (`email`);

--
-- Indexes for table `products`
--
ALTER TABLE `products`
  ADD PRIMARY KEY (`id`);

--
-- Indexes for table `reviews`
--
ALTER TABLE `reviews`
  ADD PRIMARY KEY (`id`),
  ADD KEY `reviews_product_id_index` (`product_id`);

--
-- Indexes for table `users`
--
ALTER TABLE `users`
  ADD PRIMARY KEY (`id`),
  ADD UNIQUE KEY `users_email_unique` (`email`);

--
-- AUTO_INCREMENT for dumped tables
--

--
-- AUTO_INCREMENT for table `migrations`
--
ALTER TABLE `migrations`
  MODIFY `id` int(10) UNSIGNED NOT NULL AUTO_INCREMENT, AUTO_INCREMENT=5;

--
-- AUTO_INCREMENT for table `products`
--
ALTER TABLE `products`
  MODIFY `id` int(10) UNSIGNED NOT NULL AUTO_INCREMENT, AUTO_INCREMENT=151;

--
-- AUTO_INCREMENT for table `reviews`
--
ALTER TABLE `reviews`
  MODIFY `id` int(10) UNSIGNED NOT NULL AUTO_INCREMENT, AUTO_INCREMENT=301;

--
-- AUTO_INCREMENT for table `users`
--
ALTER TABLE `users`
  MODIFY `id` int(10) UNSIGNED NOT NULL AUTO_INCREMENT;

--
-- Constraints for dumped tables
--

--
-- Constraints for table `reviews`
--
ALTER TABLE `reviews`
  ADD CONSTRAINT `reviews_product_id_foreign` FOREIGN KEY (`product_id`) REFERENCES `products` (`id`) ON DELETE CASCADE;
COMMIT;

/*!40101 SET CHARACTER_SET_CLIENT=@OLD_CHARACTER_SET_CLIENT */;
/*!40101 SET CHARACTER_SET_RESULTS=@OLD_CHARACTER_SET_RESULTS */;
/*!40101 SET COLLATION_CONNECTION=@OLD_COLLATION_CONNECTION */;
